<?xml version="1.0" encoding="UTF-8"?>
<kml xmlns="http://www.opengis.net/kml/2.2"><Document>
<name>Iceland Trip Sep 2026</name>
<Folder><name>Thu, Sep 3</name>
<Placemark><name>Thu, Sep 3 - driving route</name><styleUrl>#route_ff3b30</styleUrl>
<LineString><tessellate>1</tessellate><altitudeMode>clampToGround</altitudeMode><coordinates>
-22.635748,63.992208,0
-22.641812,63.992232,0
-22.641813,63.992268,0
-22.641819,63.992488,0
-22.641843,63.993461,0
-22.641856,63.995132,0
-22.641851,63.995840,0
-22.640068,63.995842,0
-22.639981,63.995842,0
-22.639628,63.995842,0
-22.638473,63.995836,0
-22.637418,63.995841,0
-22.636978,63.995843,0
-22.636279,63.995846,0
-22.636064,63.995843,0
-22.635858,63.995828,0
-22.634895,63.995712,0
-22.634671,63.995700,0
-22.634356,63.995689,0
-22.634284,63.995688,0
-22.633966,63.995682,0
-22.633348,63.995681,0
-22.633350,63.995973,0
-22.633356,63.996727,0
-22.633356,63.996805,0
-22.633358,63.996911,0
-22.633364,63.997404,0
-22.633369,63.997845,0
-22.633376,63.998415,0
-22.633378,63.998525,0
-22.633385,63.999137,0
-22.633383,63.999178,0
-22.633377,63.999219,0
-22.633359,63.999251,0
-22.633309,63.999277,0
-22.633251,63.999298,0
-22.633178,63.999311,0
-22.633095,63.999320,0
-22.632992,63.999324,0
-22.631890,63.999323,0
-22.631545,63.999322,0
-22.630292,63.999324,0
-22.629750,63.999325,0
-22.629329,63.999320,0
-22.628066,63.999305,0
-22.628059,63.999430,0
-22.628050,63.999496,0
-22.628025,63.999574,0
-22.627990,63.999672,0
-22.627937,63.999764,0
-22.627862,63.999872,0
-22.627746,63.999996,0
-22.627529,64.000174,0
-22.627218,64.000373,0
-22.626917,64.000511,0
-22.626604,64.000622,0
-22.626251,64.000722,0
-22.625908,64.000803,0
-22.625464,64.000889,0
-22.625024,64.000967,0
-22.624325,64.001062,0
-22.622064,64.001341,0
-22.618779,64.001720,0
-22.615620,64.002107,0
-22.611888,64.002529,0
-22.610839,64.002644,0
-22.610270,64.002690,0
-22.609743,64.002721,0
-22.609128,64.002749,0
-22.608628,64.002760,0
-22.608064,64.002765,0
-22.607460,64.002759,0
-22.605941,64.002697,0
-22.605320,64.002683,0
-22.604915,64.002683,0
-22.604551,64.002695,0
-22.604014,64.002731,0
-22.603801,64.002748,0
-22.603373,64.002767,0
-22.603234,64.002777,0
-22.603086,64.002783,0
-22.602978,64.002781,0
-22.602882,64.002769,0
-22.602800,64.002748,0
-22.602741,64.002708,0
-22.602657,64.002677,0
-22.602556,64.002659,0
-22.602200,64.002570,0
-22.602004,64.002521,0
-22.601715,64.002437,0
-22.601465,64.002354,0
-22.601260,64.002298,0
-22.600926,64.002171,0
-22.600519,64.002016,0
-22.600111,64.001837,0
-22.599024,64.001412,0
-22.598162,64.001121,0
-22.596730,64.000641,0
-22.595075,64.000017,0
-22.593343,63.999248,0
-22.591820,63.998540,0
-22.590519,63.997901,0
-22.589731,63.997459,0
-22.589605,63.997340,0
-22.589580,63.997250,0
-22.589634,63.997183,0
-22.589636,63.997112,0
-22.589587,63.997044,0
-22.589492,63.996986,0
-22.589359,63.996944,0
-22.589204,63.996923,0
-22.588829,63.996811,0
-22.588497,63.996698,0
-22.587770,63.996434,0
-22.586998,63.996046,0
-22.584746,63.994739,0
-22.583755,63.994133,0
-22.582897,63.993586,0
-22.582095,63.993070,0
-22.581666,63.992779,0
-22.580619,63.992060,0
-22.579893,63.991528,0
-22.579834,63.991462,0
-22.579745,63.991382,0
-22.579448,63.991119,0
-22.579114,63.990865,0
-22.578975,63.990756,0
-22.578928,63.990711,0
-22.578903,63.990681,0
-22.578888,63.990655,0
-22.578872,63.990614,0
-22.578860,63.990562,0
-22.578945,63.990521,0
-22.579004,63.990472,0
-22.579033,63.990418,0
-22.579030,63.990363,0
-22.578995,63.990310,0
-22.578931,63.990262,0
-22.578842,63.990223,0
-22.578733,63.990195,0
-22.578612,63.990179,0
-22.578415,63.990107,0
-22.578193,63.990015,0
-22.577985,63.989917,0
-22.577757,63.989794,0
-22.577516,63.989656,0
-22.577286,63.989512,0
-22.577100,63.989390,0
-22.576958,63.989314,0
-22.573559,63.986740,0
-22.572601,63.986021,0
-22.571500,63.985266,0
-22.570125,63.984374,0
-22.569216,63.983836,0
-22.567420,63.982809,0
-22.566602,63.982374,0
-22.566035,63.982099,0
-22.565470,63.981854,0
-22.565050,63.981687,0
-22.564057,63.981272,0
-22.563427,63.981034,0
-22.562664,63.980720,0
-22.562186,63.980526,0
-22.562067,63.980457,0
-22.561996,63.980390,0
-22.561981,63.980342,0
-22.561981,63.980263,0
-22.561983,63.980254,0
-22.561982,63.980218,0
-22.561962,63.980183,0
-22.561926,63.980150,0
-22.561875,63.980121,0
-22.561811,63.980098,0
-22.561765,63.980087,0
-22.561716,63.980078,0
-22.561531,63.980013,0
-22.561379,63.979947,0
-22.561098,63.979825,0
-22.560813,63.979689,0
-22.560628,63.979584,0
-22.560477,63.979480,0
-22.559805,63.979003,0
-22.559560,63.978863,0
-22.559308,63.978745,0
-22.556077,63.976500,0
-22.554262,63.975243,0
-22.553421,63.974734,0
-22.552847,63.974438,0
-22.552294,63.974172,0
-22.551618,63.973866,0
-22.550840,63.973577,0
-22.549840,63.973261,0
-22.548860,63.972982,0
-22.547955,63.972787,0
-22.547075,63.972613,0
-22.546172,63.972464,0
-22.544948,63.972314,0
-22.544376,63.972255,0
-22.543560,63.972168,0
-22.542677,63.972068,0
-22.542025,63.971974,0
-22.541675,63.971887,0
-22.541659,63.971831,0
-22.541609,63.971778,0
-22.541527,63.971734,0
-22.541421,63.971701,0
-22.541299,63.971682,0
-22.541169,63.971678,0
-22.541079,63.971685,0
-22.540993,63.971700,0
-22.540915,63.971721,0
-22.540849,63.971749,0
-22.540387,63.971693,0
-22.538356,63.971473,0
-22.534214,63.971082,0
-22.528675,63.970541,0
-22.521471,63.969792,0
-22.519316,63.969582,0
-22.517606,63.969417,0
-22.513760,63.969044,0
-22.512488,63.968921,0
-22.508596,63.968540,0
-22.504651,63.968163,0
-22.502776,63.967982,0
-22.498990,63.967616,0
-22.495763,63.967308,0
-22.488697,63.966612,0
-22.486530,63.966399,0
-22.484945,63.966231,0
-22.484222,63.966148,0
-22.481083,63.965763,0
-22.479038,63.965468,0
-22.477543,63.965262,0
-22.476981,63.965181,0
-22.475755,63.964998,0
-22.474908,63.964886,0
-22.472699,63.964585,0
-22.472067,63.964497,0
-22.470821,63.964308,0
-22.467929,63.963894,0
-22.465833,63.963611,0
-22.465131,63.963517,0
-22.464570,63.963444,0
-22.462273,63.963112,0
-22.460781,63.962887,0
-22.459233,63.962671,0
-22.458412,63.962555,0
-22.457572,63.962444,0
-22.455968,63.962213,0
-22.454850,63.962061,0
-22.453596,63.961888,0
-22.452637,63.961785,0
-22.451642,63.961685,0
-22.450457,63.961586,0
-22.449183,63.961507,0
-22.447984,63.961453,0
-22.446723,63.961413,0
-22.445180,63.961402,0
-22.444856,63.961403,0
-22.443630,63.961409,0
-22.439435,63.961446,0
-22.436602,63.961478,0
-22.433653,63.961514,0
-22.432257,63.961554,0
-22.430870,63.961621,0
-22.429873,63.961677,0
-22.428864,63.961750,0
-22.427766,63.961823,0
-22.426501,63.961897,0
-22.425118,63.961977,0
-22.422893,63.962155,0
-22.421339,63.962297,0
-22.419780,63.962414,0
-22.418878,63.962474,0
-22.417634,63.962562,0
-22.415854,63.962692,0
-22.414451,63.962787,0
-22.412137,63.962951,0
-22.408701,63.963212,0
-22.407414,63.963303,0
-22.405530,63.963438,0
-22.404440,63.963519,0
-22.403239,63.963632,0
-22.402194,63.963732,0
-22.401244,63.963838,0
-22.399807,63.964005,0
-22.398424,63.964192,0
-22.396438,63.964476,0
-22.394479,63.964792,0
-22.391281,63.965356,0
-22.388137,63.965919,0
-22.386428,63.966228,0
-22.384704,63.966536,0
-22.383014,63.966846,0
-22.381370,63.967164,0
-22.379396,63.967569,0
-22.377504,63.968006,0
-22.375852,63.968427,0
-22.374591,63.968776,0
-22.373228,63.969164,0
-22.372269,63.969471,0
-22.371331,63.969772,0
-22.369991,63.970211,0
-22.368328,63.970765,0
-22.365736,63.971670,0
-22.364397,63.972139,0
-22.363223,63.972550,0
-22.361692,63.973068,0
-22.360325,63.973519,0
-22.359295,63.973845,0
-22.358142,63.974198,0
-22.357642,63.974349,0
-22.356231,63.974762,0
-22.355308,63.975025,0
-22.353626,63.975467,0
-22.349839,63.976460,0
-22.346639,63.977274,0
-22.343704,63.978013,0
-22.340797,63.978764,0
-22.338836,63.979264,0
-22.336570,63.979836,0
-22.332345,63.980909,0
-22.323731,63.983100,0
-22.320837,63.983838,0
-22.317081,63.984767,0
-22.315550,63.985127,0
-22.313592,63.985593,0
-22.311771,63.986001,0
-22.310108,63.986364,0
-22.308104,63.986807,0
-22.306487,63.987152,0
-22.303901,63.987700,0
-22.301627,63.988191,0
-22.298861,63.988801,0
-22.296512,63.989338,0
-22.294529,63.989813,0
-22.292783,63.990240,0
-22.289329,63.991145,0
-22.285945,63.992075,0
-22.282581,63.993019,0
-22.279165,63.993958,0
-22.275499,63.994903,0
-22.273372,63.995412,0
-22.271959,63.995736,0
-22.270512,63.996040,0
-22.269205,63.996303,0
-22.267516,63.996631,0
-22.265796,63.996939,0
-22.264030,63.997235,0
-22.262773,63.997444,0
-22.261519,63.997636,0
-22.259489,63.997935,0
-22.258294,63.998102,0
-22.257015,63.998262,0
-22.254120,63.998628,0
-22.248657,63.999290,0
-22.241215,64.000220,0
-22.238660,64.000574,0
-22.236108,64.000943,0
-22.233597,64.001344,0
-22.230939,64.001794,0
-22.229485,64.002056,0
-22.224605,64.003009,0
-22.221878,64.003582,0
-22.219971,64.003985,0
-22.216749,64.004670,0
-22.211739,64.005744,0
-22.207984,64.006537,0
-22.207447,64.006651,0
-22.205244,64.007128,0
-22.204060,64.007369,0
-22.200420,64.008159,0
-22.196836,64.008926,0
-22.193239,64.009660,0
-22.189525,64.010455,0
-22.188727,64.010626,0
-22.187532,64.010892,0
-22.186455,64.011147,0
-22.185712,64.011339,0
-22.184958,64.011561,0
-22.184203,64.011800,0
-22.183552,64.012032,0
-22.182595,64.012418,0
-22.182000,64.012690,0
-22.181434,64.012982,0
-22.180708,64.013392,0
-22.179940,64.013883,0
-22.179224,64.014347,0
-22.178550,64.014719,0
-22.177911,64.015044,0
-22.177142,64.015382,0
-22.176438,64.015666,0
-22.175693,64.015935,0
-22.174941,64.016167,0
-22.174224,64.016375,0
-22.173500,64.016557,0
-22.172691,64.016748,0
-22.171999,64.016880,0
-22.171328,64.016997,0
-22.170549,64.017117,0
-22.169734,64.017231,0
-22.168767,64.017331,0
-22.162953,64.017852,0
-22.156814,64.018384,0
-22.147941,64.019174,0
-22.144239,64.019532,0
-22.141956,64.019792,0
-22.140217,64.020021,0
-22.138414,64.020295,0
-22.137223,64.020501,0
-22.135053,64.020931,0
-22.133869,64.021201,0
-22.132784,64.021467,0
-22.131794,64.021741,0
-22.130988,64.021961,0
-22.129788,64.022306,0
-22.129394,64.022432,0
-22.126848,64.023311,0
-22.126103,64.023560,0
-22.125227,64.023851,0
-22.124192,64.024189,0
-22.123311,64.024462,0
-22.122473,64.024696,0
-22.121370,64.024982,0
-22.120761,64.025130,0
-22.120025,64.025291,0
-22.118913,64.025499,0
-22.117996,64.025655,0
-22.117089,64.025792,0
-22.116163,64.025908,0
-22.114724,64.026079,0
-22.109473,64.026639,0
-22.106838,64.026917,0
-22.104268,64.027210,0
-22.103256,64.027340,0
-22.102442,64.027467,0
-22.101656,64.027597,0
-22.100721,64.027785,0
-22.099854,64.027986,0
-22.099190,64.028153,0
-22.098571,64.028319,0
-22.097902,64.028522,0
-22.096859,64.028858,0
-22.094683,64.029602,0
-22.094128,64.029802,0
-22.093703,64.029950,0
-22.092316,64.030426,0
-22.090538,64.030981,0
-22.089884,64.031183,0
-22.089058,64.031430,0
-22.088102,64.031677,0
-22.087494,64.031822,0
-22.086885,64.031959,0
-22.084879,64.032387,0
-22.080820,64.033166,0
-22.080269,64.033289,0
-22.079699,64.033420,0
-22.078923,64.033610,0
-22.078050,64.033841,0
-22.077294,64.034074,0
-22.076391,64.034440,0
-22.075034,64.035056,0
-22.074024,64.035563,0
-22.073027,64.036000,0
-22.072512,64.036206,0
-22.071857,64.036418,0
-22.071009,64.036643,0
-22.070044,64.036873,0
-22.068456,64.037146,0
-22.066396,64.037376,0
-22.060511,64.037885,0
-22.059805,64.037946,0
-22.055933,64.038281,0
-22.050603,64.038743,0
-22.048469,64.038984,0
-22.047535,64.039094,0
-22.046433,64.039262,0
-22.044770,64.039503,0
-22.043399,64.039744,0
-22.042415,64.039934,0
-22.041405,64.040116,0
-22.040107,64.040409,0
-22.037657,64.041043,0
-22.035908,64.041525,0
-22.034524,64.041931,0
-22.034408,64.041965,0
-22.033827,64.042132,0
-22.032061,64.042650,0
-22.030327,64.043164,0
-22.028609,64.043665,0
-22.025781,64.044507,0
-22.022984,64.045324,0
-22.021132,64.045867,0
-22.019296,64.046409,0
-22.018398,64.046671,0
-22.017596,64.046909,0
-22.016629,64.047187,0
-22.015803,64.047414,0
-22.014804,64.047686,0
-22.013700,64.047969,0
-22.012543,64.048242,0
-22.011405,64.048512,0
-22.010251,64.048761,0
-22.009357,64.048954,0
-22.008269,64.049164,0
-22.006915,64.049403,0
-22.005832,64.049593,0
-22.005080,64.049721,0
-22.004435,64.049833,0
-22.003848,64.049934,0
-22.003186,64.050043,0
-22.002052,64.050228,0
-22.001369,64.050339,0
-21.998321,64.050790,0
-21.994697,64.051326,0
-21.993917,64.051442,0
-21.986677,64.052543,0
-21.984415,64.052884,0
-21.982765,64.053113,0
-21.981250,64.053304,0
-21.980108,64.053452,0
-21.978061,64.053767,0
-21.974882,64.054325,0
-21.973302,64.054577,0
-21.970787,64.054940,0
-21.967074,64.055502,0
-21.965727,64.055701,0
-21.965194,64.055780,0
-21.962492,64.056175,0
-21.957528,64.056941,0
-21.954898,64.057415,0
-21.949945,64.058444,0
-21.949196,64.058578,0
-21.947972,64.058755,0
-21.946759,64.058889,0
-21.944133,64.059128,0
-21.943598,64.059186,0
-21.943054,64.059264,0
-21.942668,64.059334,0
-21.942251,64.059429,0
-21.942048,64.059480,0
-21.941827,64.059536,0
-21.941106,64.059779,0
-21.940693,64.059933,0
-21.940505,64.060018,0
-21.940316,64.060109,0
-21.939747,64.060441,0
-21.939578,64.060579,0
-21.939415,64.060711,0
-21.939246,64.060874,0
-21.939108,64.061039,0
-21.938873,64.061414,0
-21.938675,64.061895,0
-21.938303,64.062904,0
-21.938124,64.063501,0
-21.937940,64.064077,0
-21.937786,64.064577,0
-21.937709,64.064828,0
-21.937653,64.065081,0
-21.937537,64.065426,0
-21.937459,64.065762,0
-21.937426,64.066064,0
-21.937435,64.066350,0
-21.937472,64.066495,0
-21.937487,64.066637,0
-21.937496,64.066762,0
-21.937464,64.066821,0
-21.937363,64.066927,0
-21.937300,64.066952,0
-21.937248,64.066981,0
-21.937205,64.067021,0
-21.937183,64.067065,0
-21.937183,64.067109,0
-21.937206,64.067152,0
-21.937251,64.067192,0
-21.937295,64.067218,0
-21.937348,64.067240,0
-21.937408,64.067258,0
-21.937474,64.067271,0
-21.937682,64.067524,0
-21.937790,64.067754,0
-21.938407,64.069951,0
-21.938493,64.070239,0
-21.939357,64.073085,0
-21.939412,64.073318,0
-21.939491,64.073705,0
-21.939503,64.073758,0
-21.939517,64.073849,0
-21.939629,64.074263,0
-21.940206,64.075799,0
-21.940180,64.075867,0
-21.940097,64.075954,0
-21.940038,64.075981,0
-21.939991,64.076012,0
-21.939958,64.076047,0
-21.939940,64.076083,0
-21.939938,64.076120,0
-21.939951,64.076157,0
-21.939979,64.076191,0
-21.940020,64.076223,0
-21.940073,64.076250,0
-21.940138,64.076273,0
-21.940241,64.076296,0
-21.940317,64.076374,0
-21.940420,64.076476,0
-21.940472,64.076663,0
-21.940783,64.077870,0
-21.940799,64.077932,0
-21.940827,64.078029,0
-21.941389,64.079896,0
-21.941446,64.080068,0
-21.941763,64.080874,0
-21.941873,64.081170,0
-21.941909,64.081266,0
-21.941953,64.081385,0
-21.942005,64.081612,0
-21.942111,64.082042,0
-21.942229,64.082502,0
-21.942329,64.082725,0
-21.942461,64.082955,0
-21.942643,64.083163,0
-21.942769,64.083303,0
-21.942924,64.083411,0
-21.943108,64.083519,0
-21.943236,64.083598,0
-21.943307,64.083648,0
-21.943356,64.083695,0
-21.943383,64.083741,0
-21.943396,64.083807,0
-21.943395,64.083828,0
-21.943375,64.083885,0
-21.943345,64.083940,0
-21.943301,64.083989,0
-21.943230,64.084039,0
-21.941630,64.084594,0
-21.940614,64.084956,0
-21.940180,64.085121,0
-21.939528,64.085399,0
-21.938940,64.085685,0
-21.938672,64.085830,0
-21.938378,64.085998,0
-21.937884,64.086310,0
-21.937149,64.086774,0
-21.936204,64.087371,0
-21.935832,64.087601,0
-21.935604,64.087751,0
-21.935089,64.088061,0
-21.934771,64.088232,0
-21.934504,64.088372,0
-21.934394,64.088426,0
-21.934297,64.088471,0
-21.934162,64.088534,0
-21.933701,64.088735,0
-21.932342,64.089312,0
-21.931125,64.089781,0
-21.930869,64.089874,0
-21.930683,64.089942,0
-21.929756,64.090254,0
-21.929639,64.090296,0
-21.929410,64.090378,0
-21.928789,64.090605,0
-21.928626,64.090662,0
-21.928414,64.090726,0
-21.928146,64.090821,0
-21.927944,64.090900,0
-21.927537,64.091078,0
-21.927137,64.091279,0
-21.927012,64.091353,0
-21.926744,64.091513,0
-21.926685,64.091549,0
-21.926459,64.091696,0
-21.926247,64.091840,0
-21.926015,64.092007,0
-21.925822,64.092179,0
-21.925459,64.092497,0
-21.924966,64.092959,0
-21.923822,64.093990,0
-21.923317,64.094462,0
-21.923037,64.094709,0
-21.922536,64.095167,0
-21.922088,64.095576,0
-21.921356,64.096242,0
-21.920968,64.096587,0
-21.920595,64.096908,0
-21.920257,64.097180,0
-21.919997,64.097380,0
-21.919713,64.097577,0
-21.919327,64.097818,0
-21.919165,64.097918,0
-21.918353,64.098403,0
-21.917859,64.098664,0
-21.917481,64.098846,0
-21.916414,64.099305,0
-21.916004,64.099466,0
-21.915494,64.099652,0
-21.914730,64.099913,0
-21.914624,64.099947,0
-21.914391,64.100022,0
-21.913882,64.100179,0
-21.912875,64.100468,0
-21.911819,64.100749,0
-21.911341,64.100870,0
-21.910671,64.101037,0
-21.909507,64.101298,0
-21.907401,64.101834,0
-21.906637,64.102074,0
-21.905949,64.102351,0
-21.905304,64.102678,0
-21.904202,64.103503,0
-21.903981,64.103755,0
-21.903823,64.104008,0
-21.903729,64.104216,0
-21.903595,64.104699,0
-21.903575,64.105020,0
-21.903573,64.105277,0
-21.903635,64.105563,0
-21.903777,64.105843,0
-21.904008,64.106171,0
-21.904287,64.106512,0
-21.904567,64.106809,0
-21.904976,64.107370,0
-21.905200,64.107608,0
-21.905803,64.108264,0
-21.906171,64.108695,0
-21.906489,64.109054,0
-21.906764,64.109378,0
-21.906954,64.109607,0
-21.907062,64.109773,0
-21.907132,64.109901,0
-21.907185,64.110073,0
-21.907206,64.110154,0
-21.907227,64.110254,0
-21.907235,64.110315,0
-21.907244,64.110431,0
-21.907238,64.110457,0
-21.907212,64.110486,0
-21.907179,64.110512,0
-21.907125,64.110550,0
-21.907068,64.110589,0
-21.907037,64.110591,0
-21.906972,64.110606,0
-21.906921,64.110628,0
-21.906890,64.110657,0
-21.906882,64.110689,0
-21.906898,64.110720,0
-21.906938,64.110747,0
-21.906979,64.110763,0
-21.907027,64.110773,0
-21.907080,64.110779,0
-21.907137,64.110778,0
-21.907192,64.110771,0
-21.907332,64.110780,0
-21.907423,64.110790,0
-21.907480,64.110800,0
-21.907733,64.110854,0
-21.908268,64.110980,0
-21.908399,64.111017,0
-21.908503,64.111053,0
-21.908616,64.111100,0
-21.908628,64.111112,0
-21.908642,64.111122,0
-21.908663,64.111172,0
-21.908679,64.111223,0
-21.908686,64.111265,0
-21.908674,64.111306,0
-21.908648,64.111361,0
-21.908596,64.111443,0
-21.908521,64.111545,0
-21.908458,64.111634,0
-21.908356,64.111775,0
-21.908326,64.111817,0
-21.908254,64.111913,0
-21.908183,64.111999,0
-21.908141,64.112031,0
-21.908075,64.112070,0
-21.907990,64.112115,0
-21.907959,64.112123,0
-21.907910,64.112142,0
-21.907876,64.112167,0
-21.907858,64.112193,0
-21.907857,64.112220,0
-21.907871,64.112246,0
-21.907910,64.112275,0
-21.907969,64.112298,0
-21.908041,64.112311,0
-21.908109,64.112314,0
-21.908176,64.112308,0
-21.908236,64.112294,0
-21.908285,64.112273,0
-21.908518,64.112251,0
-21.908797,64.112221,0
-21.908938,64.112223,0
-21.909052,64.112226,0
-21.909165,64.112228,0
-21.909483,64.112234,0
-21.910129,64.112247,0
-21.910129,64.112292,0
-21.910132,64.112342,0
-21.910140,64.112432,0
-21.910144,64.112474,0
-21.910151,64.112508,0
-21.910192,64.112626,0
-21.910214,64.112656,0
-21.910253,64.112710,0
-21.910276,64.112742,0
-21.910295,64.112767,0
-21.910326,64.112806,0
-21.910396,64.112896,0
-21.910525,64.113058,0
-21.910676,64.113250,0
-21.910766,64.113365,0
-21.911043,64.113716,0
-21.911071,64.113755,0
-21.911090,64.113783,0
-21.911147,64.113868,0
-21.911190,64.113954,0
-21.911222,64.114049,0
-21.911255,64.114196,0
-21.911270,64.114335,0
-21.911277,64.114458,0
-21.911280,64.114529,0
-21.911852,64.114512,0
-21.913334,64.114455,0
-21.915020,64.114362,0
-21.915302,64.114343,0
-21.915746,64.114308,0
-21.917805,64.114160,0
-21.918305,64.114209,0
-21.918900,64.114256,0
-21.919368,64.114312,0
-21.919510,64.114328,0
-21.920291,64.114431,0
-21.920429,64.114447,0
-21.920622,64.114460,0
-21.920834,64.114464,0
-21.921017,64.114460,0
-21.921344,64.114453,0
-21.921508,64.114448,0
-21.921848,64.114434,0
-21.924206,64.114355,0
-21.924419,64.114355,0
-21.924586,64.114362,0
-21.924761,64.114374,0
-21.924837,64.114380,0
-21.924953,64.114390,0
-21.924978,64.114411,0
-21.925012,64.114429,0
-21.925054,64.114443,0
-21.925128,64.114458,0
-21.925209,64.114461,0
-21.925289,64.114453,0
-21.925358,64.114435,0
-21.925411,64.114408,0
-21.925441,64.114378,0
-21.925450,64.114345,0
-21.925532,64.114342,0
-21.925767,64.114333,0
-21.926301,64.114307,0
-21.926695,64.114299,0
-21.927015,64.114294,0
-21.927702,64.114302,0
-21.929493,64.114346,0
-21.931057,64.114362,0
-21.931192,64.114363,0
-21.932331,64.114384,0
-21.933313,64.114395,0
-21.933706,64.114395,0
-21.935936,64.114393,0
-21.936925,64.114393,0
-21.937106,64.114393,0
-21.937263,64.114391,0
-21.938010,64.114398,0
-21.938716,64.114405,0
-21.938873,64.114409,0
-21.939021,64.114414,0
-21.939139,64.114417,0
-21.941194,64.114444,0
-21.943161,64.114494,0
-21.943308,64.114527,0
-21.943367,64.114577,0
-21.943387,64.114623,0
-21.943268,64.115847,0
-21.943199,64.116559,0
-21.943184,64.116714,0
-21.943620,64.116725,0
-21.944713,64.116749,0
-21.944882,64.116751,0
-21.944896,64.116639,0
-21.944903,64.116630,0
-21.944919,64.116607,0
-21.944946,64.116587,0
-21.944984,64.116571,0
-21.945042,64.116557,0
-21.945107,64.116551,0
-21.945641,64.116564,0
-21.945719,64.116554,0
-21.945767,64.116526,0
-21.945759,64.116466,0
-21.945724,64.116418,0
-21.945608,64.116264,0
-21.945520,64.116147,0
-21.945477,64.116111,0
-21.945539,64.116105,0
-21.945619,64.116095,0
-21.946145,64.116036,0
-21.946309,64.116261,0
-21.946526,64.116281,0
-21.946543,64.116283,0
-21.946613,64.116273,0
-21.946543,64.116283,0
-21.946309,64.116261,0
-21.946145,64.116036,0
-21.945619,64.116095,0
-21.945539,64.116105,0
-21.945477,64.116111,0
-21.945386,64.116105,0
-21.944989,64.116105,0
-21.944960,64.116118,0
-21.944928,64.116132,0
-21.944914,64.116249,0
-21.944897,64.116401,0
-21.944898,64.116423,0
-21.944877,64.116580,0
-21.944887,64.116600,0
-21.944903,64.116630,0
-21.944896,64.116639,0
-21.944882,64.116751,0
-21.944713,64.116749,0
-21.943620,64.116725,0
-21.943184,64.116714,0
-21.943199,64.116559,0
-21.943268,64.115847,0
-21.943387,64.114623,0
-21.943367,64.114577,0
-21.943308,64.114527,0
-21.943161,64.114494,0
-21.941194,64.114444,0
-21.939139,64.114417,0
-21.939021,64.114414,0
-21.938873,64.114409,0
-21.938716,64.114405,0
-21.938010,64.114398,0
-21.937263,64.114391,0
-21.937106,64.114393,0
-21.936925,64.114393,0
-21.935936,64.114393,0
-21.933706,64.114395,0
-21.933313,64.114395,0
-21.932331,64.114384,0
-21.931192,64.114363,0
-21.931057,64.114362,0
-21.929493,64.114346,0
-21.927702,64.114302,0
-21.927015,64.114294,0
-21.926695,64.114299,0
-21.926301,64.114307,0
-21.925767,64.114333,0
-21.925532,64.114342,0
-21.925450,64.114345,0
-21.925434,64.114310,0
-21.925393,64.114279,0
-21.925333,64.114255,0
-21.925258,64.114240,0
-21.925177,64.114237,0
-21.925097,64.114245,0
-21.925039,64.114259,0
-21.924990,64.114279,0
-21.924806,64.114300,0
-21.924476,64.114319,0
-21.923912,64.114329,0
-21.921717,64.114393,0
-21.921502,64.114399,0
-21.921338,64.114406,0
-21.920970,64.114417,0
-21.920804,64.114417,0
-21.920638,64.114412,0
-21.920437,64.114396,0
-21.920241,64.114372,0
-21.919761,64.114305,0
-21.919550,64.114269,0
-21.919415,64.114251,0
-21.919170,64.114219,0
-21.918493,64.114163,0
-21.918309,64.114161,0
-21.917805,64.114160,0
-21.915746,64.114308,0
-21.915302,64.114343,0
-21.915020,64.114362,0
-21.913334,64.114455,0
-21.911852,64.114512,0
-21.911280,64.114529,0
-21.910716,64.114553,0
-21.910293,64.114562,0
-21.909556,64.114570,0
-21.905495,64.114616,0
-21.905454,64.114617,0
-21.905178,64.114619,0
-21.905039,64.114621,0
-21.904993,64.114621,0
-21.904969,64.114622,0
-21.904655,64.114625,0
-21.903747,64.114636,0
-21.902939,64.114645,0
-21.901045,64.114654,0
-21.900494,64.114656,0
-21.900145,64.114647,0
-21.899832,64.114666,0
-21.899568,64.114693,0
-21.899274,64.114739,0
-21.899157,64.114753,0
-21.899065,64.114759,0
-21.898972,64.114759,0
-21.898839,64.114749,0
-21.898689,64.114735,0
-21.898643,64.114721,0
-21.898593,64.114710,0
-21.898540,64.114701,0
-21.898484,64.114696,0
-21.898428,64.114693,0
-21.898362,64.114694,0
-21.898298,64.114700,0
-21.898236,64.114709,0
-21.898178,64.114722,0
-21.898125,64.114739,0
-21.898078,64.114760,0
-21.898033,64.114787,0
-21.897999,64.114817,0
-21.897977,64.114850,0
-21.897969,64.114883,0
-21.897975,64.114917,0
-21.897993,64.114950,0
-21.898024,64.114980,0
-21.898069,64.115009,0
-21.898124,64.115034,0
-21.898189,64.115054,0
-21.898292,64.115109,0
-21.898357,64.115155,0
-21.898405,64.115203,0
-21.898446,64.115263,0
-21.898468,64.115332,0
-21.898477,64.115390,0
-21.898476,64.115450,0
-21.898454,64.115562,0
-21.898400,64.115693,0
-21.898345,64.115812,0
-21.898137,64.116202,0
-21.897989,64.116484,0
-21.897901,64.116782,0
-21.897879,64.116933,0
-21.897893,64.117084,0
-21.897986,64.117227,0
-21.897986,64.117306,0
-21.898050,64.117951,0
-21.898288,64.119204,0
-21.898309,64.119318,0
-21.898377,64.119686,0
-21.898416,64.119897,0
-21.898468,64.120184,0
-21.898614,64.120952,0
-21.898995,64.122958,0
-21.898949,64.123708,0
-21.898878,64.124233,0
-21.898782,64.124955,0
-21.898734,64.125616,0
-21.898730,64.125674,0
-21.898729,64.125783,0
-21.899038,64.125837,0
-21.900448,64.126060,0
-21.900733,64.126107,0
-21.901136,64.126174,0
-21.902650,64.126430,0
-21.904400,64.126700,0
-21.906240,64.127002,0
-21.906661,64.127085,0
-21.907206,64.127193,0
-21.907638,64.127278,0
-21.908179,64.127408,0
-21.908304,64.127439,0
-21.908430,64.127473,0
-21.908516,64.127496,0
-21.908619,64.127402,0
-21.908674,64.127364,0
-21.909005,64.127173,0
-21.909185,64.127083,0
-21.909269,64.127053,0
-21.909360,64.127030,0
-21.909418,64.127031,0
-21.909476,64.127027,0
-21.909654,64.127044,0
-21.909821,64.127087,0
-21.909918,64.127142,0
-21.910144,64.127297,0
-21.910393,64.127466,0
-21.910970,64.127867,0
-21.911270,64.128073,0
-21.911482,64.128198,0
-21.911648,64.128291,0
-21.911884,64.128396,0
-21.912145,64.128499,0
-21.912364,64.128566,0
-21.912402,64.128578,0
-21.912734,64.128669,0
-21.913068,64.128740,0
-21.913385,64.128793,0
-21.913630,64.128823,0
-21.913924,64.128850,0
-21.914230,64.128870,0
-21.914678,64.128897,0
-21.915026,64.128917,0
-21.916084,64.128974,0
-21.916391,64.128994,0
-21.916543,64.129008,0
-21.916931,64.129045,0
-21.917319,64.129081,0
-21.917574,64.128888,0
-21.917799,64.128717,0
-21.918050,64.128854,0
-21.917902,64.128968,0
-21.917901,64.128969,0
-21.917707,64.129118,0
-21.917319,64.129081,0
-21.916931,64.129045,0
-21.916543,64.129008,0
-21.916391,64.128994,0
-21.916084,64.128974,0
-21.915026,64.128917,0
-21.914678,64.128897,0
-21.914230,64.128870,0
-21.913924,64.128850,0
-21.913630,64.128823,0
-21.913385,64.128793,0
-21.913068,64.128740,0
-21.912734,64.128669,0
-21.912402,64.128578,0
-21.912364,64.128566,0
-21.912145,64.128499,0
-21.911884,64.128396,0
-21.911648,64.128291,0
-21.911482,64.128198,0
-21.911270,64.128073,0
-21.910970,64.127867,0
-21.910393,64.127466,0
-21.910144,64.127297,0
-21.909918,64.127142,0
-21.909821,64.127087,0
-21.909731,64.126986,0
-21.909675,64.126908,0
-21.909660,64.126874,0
-21.909624,64.126843,0
-21.909568,64.126818,0
-21.909499,64.126802,0
-21.909421,64.126794,0
-21.909348,64.126796,0
-21.909279,64.126807,0
-21.909219,64.126825,0
-21.909172,64.126849,0
-21.909142,64.126879,0
-21.909130,64.126910,0
-21.909134,64.126932,0
-21.909146,64.126953,0
-21.909120,64.126986,0
-21.909088,64.127017,0
-21.908803,64.127188,0
-21.908607,64.127311,0
-21.908510,64.127375,0
-21.908458,64.127427,0
-21.908430,64.127473,0
-21.908516,64.127496,0
-21.909031,64.127640,0
-21.909578,64.127836,0
-21.910411,64.128189,0
-21.911089,64.128556,0
-21.911373,64.128731,0
-21.911712,64.128964,0
-21.912280,64.129340,0
-21.912916,64.129749,0
-21.913144,64.129871,0
-21.913314,64.129964,0
-21.913716,64.130158,0
-21.913938,64.130256,0
-21.914721,64.130537,0
-21.914781,64.130558,0
-21.914880,64.130593,0
-21.914984,64.130629,0
-21.915407,64.130769,0
-21.916264,64.131034,0
-21.918294,64.131664,0
-21.918532,64.131750,0
-21.918763,64.131840,0
-21.918980,64.131931,0
-21.919189,64.132024,0
-21.919392,64.132120,0
-21.920007,64.132469,0
-21.920123,64.132546,0
-21.920260,64.132635,0
-21.920336,64.132693,0
-21.920674,64.132937,0
-21.921033,64.133242,0
-21.921678,64.133815,0
-21.922221,64.134289,0
-21.922483,64.134519,0
-21.923038,64.135037,0
-21.923117,64.135120,0
-21.923167,64.135183,0
-21.923219,64.135283,0
-21.923377,64.135594,0
-21.923425,64.135718,0
-21.923446,64.135826,0
-21.923460,64.136021,0
-21.923435,64.136253,0
-21.923431,64.136270,0
-21.923370,64.136351,0
-21.923290,64.136444,0
-21.923225,64.136494,0
-21.923155,64.136540,0
-21.923095,64.136577,0
-21.923025,64.136606,0
-21.922941,64.136632,0
-21.922842,64.136654,0
-21.922759,64.136667,0
-21.922674,64.136675,0
-21.922590,64.136681,0
-21.922502,64.136682,0
-21.922337,64.136676,0
-21.922252,64.136653,0
-21.922199,64.136633,0
-21.922153,64.136614,0
-21.922113,64.136591,0
-21.922072,64.136563,0
-21.922047,64.136537,0
-21.922032,64.136511,0
-21.922021,64.136465,0
-21.922025,64.136429,0
-21.922042,64.136377,0
-21.922077,64.136338,0
-21.922125,64.136300,0
-21.922209,64.136260,0
-21.922265,64.136239,0
-21.922333,64.136218,0
-21.922396,64.136202,0
-21.922479,64.136187,0
-21.922666,64.136167,0
-21.923345,64.136123,0
-21.923571,64.136109,0
-21.924248,64.136070,0
-21.924506,64.136058,0
-21.926302,64.135973,0
-21.927881,64.135894,0
-21.928270,64.135880,0
-21.928752,64.135871,0
-21.929308,64.135885,0
-21.929845,64.135898,0
-21.930108,64.135906,0
-21.930828,64.135961,0
-21.931639,64.136061,0
-21.932188,64.136138,0
-21.932804,64.136236,0
-21.933038,64.136271,0
-21.933273,64.136314,0
-21.933614,64.136388,0
-21.934371,64.136579,0
-21.934811,64.136702,0
-21.935591,64.136958,0
-21.936464,64.137285,0
-21.937993,64.137966,0
-21.938604,64.138218,0
-21.939005,64.138382,0
-21.939191,64.138549,0
-21.939221,64.138585,0
-21.939250,64.138647,0
-21.939252,64.138687,0
-21.939251,64.138743,0
-21.939224,64.138805,0
-21.939193,64.138840,0
-21.939107,64.138897,0
-21.938614,64.139121,0
-21.938359,64.139286,0
-21.938098,64.139447,0
-21.938043,64.139477,0
-21.937988,64.139507,0
-21.937943,64.139499,0
-21.937895,64.139495,0
-21.937829,64.139495,0
-21.937765,64.139503,0
-21.937708,64.139518,0
-21.937662,64.139538,0
-21.937628,64.139563,0
-21.937611,64.139592,0
-21.937611,64.139622,0
-21.937629,64.139650,0
-21.937664,64.139675,0
-21.937712,64.139696,0
-21.937772,64.139711,0
-21.937814,64.139768,0
-21.937856,64.139825,0
-21.938201,64.140264,0
-21.938685,64.140880,0
-21.938754,64.140968,0
-21.938808,64.141037,0
-21.940096,64.142686,0
-21.940110,64.142704,0
-21.940135,64.142736,0
-21.940190,64.142791,0
-21.940257,64.142840,0
-21.940263,64.142889,0
-21.940264,64.142944,0
-21.940262,64.142975,0
-21.940240,64.143038,0
-21.940214,64.143099,0
-21.940041,64.143501,0
-21.939821,64.144013,0
-21.939707,64.144276,0
-21.939606,64.144513,0
-21.939368,64.145064,0
-21.939250,64.145267,0
-21.939230,64.145300,0
-21.939156,64.145371,0
-21.939133,64.145390,0
-21.939105,64.145412,0
-21.938730,64.145658,0
-21.938300,64.145932,0
-21.937864,64.146190,0
-21.937749,64.146260,0
-21.937918,64.146308,0
-21.938071,64.146349,0
-21.938312,64.146405,0
-21.938366,64.146418,0
-21.938392,64.146421,0
-21.938800,64.146465,0
-21.938844,64.146477,0
-21.938880,64.146493,0
-21.938905,64.146512,0
-21.938918,64.146532,0
-21.938919,64.146553,0
-21.938859,64.146656,0
-21.938857,64.146672,0
-21.938861,64.146688,0
-21.938874,64.146704,0
-21.938894,64.146719,0
-21.939139,64.146773,0
-21.939125,64.146794,0
-21.939117,64.146806,0
-21.939086,64.146853,0
-21.938768,64.147334,0
-21.938750,64.147361,0
-21.938585,64.147610,0
-21.938322,64.148007,0
-21.938236,64.148137,0
-21.938194,64.148201,0
-21.938133,64.148293,0
-21.938087,64.148363,0
-21.938218,64.148383,0
-21.938307,64.148397,0
-21.938399,64.148416,0
-21.939656,64.148709,0
-21.939707,64.148720,0
-21.939898,64.148766,0
-21.940001,64.148792,0
-21.940137,64.148826,0
-21.940856,64.149008,0
-21.941020,64.149049,0
-21.941367,64.149138,0
-21.941473,64.149193,0
-21.941507,64.149210,0
-21.941654,64.149286,0
-21.941835,64.149381,0
-21.941956,64.149445,0
-21.942043,64.149492,0
-21.942404,64.149690,0
-21.942858,64.149939,0
-21.942893,64.149972,0
-21.942905,64.150008,0
-21.942903,64.150037,0
-21.942889,64.150061,0
-21.942866,64.150087,0
-21.942793,64.150162,0
-21.942475,64.150085,0
-21.939215,64.149357,0
-21.937751,64.149043,0
-21.937357,64.148959,0
-21.936133,64.148693,0
-21.935907,64.148644,0
-21.934820,64.148390,0
-21.934734,64.148369,0
-21.934688,64.148356,0
-21.934572,64.148326,0
-21.934387,64.148273,0
-21.934290,64.148324,0
-21.934206,64.148369,0
-21.934167,64.148390,0
-21.933564,64.148729,0
-21.933040,64.148975,0
-21.932776,64.149088,0
-21.932663,64.149129,0
-21.932304,64.149243,0
-21.932006,64.149317,0
-21.931649,64.149380,0
-21.931559,64.149393,0
-21.931216,64.149432,0
-21.931269,64.149554,0
-21.931296,64.149635,0
-21.931356,64.149855,0
-21.931376,64.149930,0
-21.931417,64.150081,0
-21.931581,64.150063,0
-21.932329,64.149977,0
-21.932329,64.149977,0
-21.932373,64.149964,0
-21.932410,64.149948,0
-21.932437,64.149928,0
-21.932454,64.149906,0
-21.932460,64.149884,0
-21.932455,64.149861,0
-21.932435,64.149836,0
-21.932403,64.149814,0
-21.932359,64.149797,0
-21.932307,64.149784,0
-21.932249,64.149778,0
-21.932190,64.149777,0
-21.931834,64.149806,0
-21.931484,64.149844,0
-21.931356,64.149855,0
-21.931296,64.149635,0
-21.931269,64.149554,0
-21.931216,64.149432,0
-21.930941,64.149444,0
-21.930651,64.149447,0
-21.930385,64.149441,0
-21.930072,64.149419,0
-21.929724,64.149380,0
-21.929452,64.149337,0
-21.928993,64.149236,0
-21.928195,64.148986,0
-21.927927,64.148902,0
-21.927760,64.148847,0
-21.927649,64.148810,0
-21.927282,64.148688,0
-21.925484,64.148093,0
-21.924905,64.147902,0
-21.924145,64.147648,0
-21.922980,64.147261,0
-21.922506,64.147097,0
-21.922403,64.147061,0
-21.922220,64.146998,0
-21.922102,64.146958,0
-21.921436,64.146744,0
-21.921327,64.146709,0
-21.920416,64.146417,0
-21.920187,64.146345,0
-21.919973,64.146278,0
-21.919822,64.146089,0
-21.919631,64.145850,0
-21.919598,64.145843,0
-21.918966,64.145701,0
-21.919073,64.145613,0
-21.919111,64.145581,0
-21.918583,64.145454,0
-21.918554,64.145446,0
-21.917649,64.145255,0
-21.917622,64.145249,0
-21.917550,64.145234,0
-21.917661,64.145126,0
-21.918004,64.144782,0
-21.918225,64.144562,0
-21.918412,64.144376,0
-21.918426,64.144362,0
-21.918460,64.144328,0
-21.918586,64.144354,0
-21.918905,64.144420,0
-21.919347,64.144510,0
-21.919779,64.144597,0
-21.921060,64.144855,0
-21.921167,64.144876,0
-21.921199,64.144844,0
-21.921211,64.144832,0
-21.921521,64.144526,0
-21.921595,64.144540,0
-21.921815,64.144581,0
-21.922045,64.144624,0
-21.922118,64.144550,0
</coordinates></LineString></Placemark>
<Placemark><name>Pick Up Hertz Car Rental</name>
<description><![CDATA[9:30 AM GMT - Pick Up Hertz Car Rental]]></description>
<styleUrl>#pin_ff3b30</styleUrl>
<Point><coordinates>-22.626696,63.985012,0</coordinates></Point>
</Placemark>
<Placemark><name>Sky Lagoon</name>
<description><![CDATA[Sky Lagoon - Sér - Skjol Ritual]]></description>
<styleUrl>#pin_ff3b30</styleUrl>
<Point><coordinates>-21.946435,64.116465,0</coordinates></Point>
</Placemark>
<Placemark><name>Perlan Nature Museum</name>
<description><![CDATA[Perlan Nature Museum, Icelandic hot dog - Bæjarins Beztu Pylsur, FlyOverIceland]]></description>
<styleUrl>#pin_ff3b30</styleUrl>
<Point><coordinates>-21.919028,64.129246,0</coordinates></Point>
</Placemark>
<Placemark><name>Icelandic hot dog</name>
<description><![CDATA[Perlan Nature Museum, Icelandic hot dog - Bæjarins Beztu Pylsur, FlyOverIceland]]></description>
<styleUrl>#pin_ff3b30</styleUrl>
<Point><coordinates>-21.937839,64.148156,0</coordinates></Point>
</Placemark>
<Placemark><name>Arrive The EDITION Reykjavik</name>
<description><![CDATA[3:00 PM GMT - Arrive The EDITION Reykjavik]]></description>
<styleUrl>#pin_ff3b30</styleUrl>
<Point><coordinates>-21.932854,64.150433,0</coordinates></Point>
</Placemark>
<Placemark><name>Dill Restaurant</name>
<description><![CDATA[6:45 PM GMT - Dill Restaurant]]></description>
<styleUrl>#pin_ff3b30</styleUrl>
<Point><coordinates>-21.922476,64.144536,0</coordinates></Point>
</Placemark>
</Folder>
<Folder><name>Fri, Sep 4</name>
<Placemark><name>Fri, Sep 4 - driving route</name><styleUrl>#route_ff9500</styleUrl>
<LineString><tessellate>1</tessellate><altitudeMode>clampToGround</altitudeMode><coordinates>
-21.932329,64.149977,0
-21.932329,64.149977,0
-21.932373,64.149964,0
-21.932410,64.149948,0
-21.932437,64.149928,0
-21.932454,64.149906,0
-21.932460,64.149884,0
-21.932455,64.149861,0
-21.932435,64.149836,0
-21.932403,64.149814,0
-21.932359,64.149797,0
-21.932307,64.149784,0
-21.932249,64.149778,0
-21.932190,64.149777,0
-21.931834,64.149806,0
-21.931484,64.149844,0
-21.931356,64.149855,0
-21.931296,64.149635,0
-21.931269,64.149554,0
-21.931216,64.149432,0
-21.930941,64.149444,0
-21.930651,64.149447,0
-21.930385,64.149441,0
-21.930072,64.149419,0
-21.929724,64.149380,0
-21.929452,64.149337,0
-21.928993,64.149236,0
-21.928195,64.148986,0
-21.927927,64.148902,0
-21.927760,64.148847,0
-21.927649,64.148810,0
-21.927282,64.148688,0
-21.925484,64.148093,0
-21.924905,64.147902,0
-21.924145,64.147648,0
-21.922980,64.147261,0
-21.922506,64.147097,0
-21.922403,64.147061,0
-21.922220,64.146998,0
-21.922102,64.146958,0
-21.921436,64.146744,0
-21.921327,64.146709,0
-21.920416,64.146417,0
-21.920187,64.146345,0
-21.919973,64.146278,0
-21.919741,64.146205,0
-21.919216,64.146067,0
-21.918702,64.145950,0
-21.918265,64.145869,0
-21.918188,64.145855,0
-21.917680,64.145775,0
-21.917100,64.145705,0
-21.916843,64.145680,0
-21.916580,64.145661,0
-21.916359,64.145647,0
-21.916143,64.145639,0
-21.915862,64.145632,0
-21.915313,64.145629,0
-21.915224,64.145628,0
-21.915126,64.145629,0
-21.915063,64.145630,0
-21.914867,64.145634,0
-21.914635,64.145642,0
-21.914488,64.145651,0
-21.914428,64.145656,0
-21.914157,64.145678,0
-21.913600,64.145735,0
-21.912994,64.145823,0
-21.912491,64.145913,0
-21.911510,64.146149,0
-21.910656,64.146346,0
-21.909888,64.146511,0
-21.909519,64.146575,0
-21.908995,64.146653,0
-21.908171,64.146746,0
-21.907776,64.146780,0
-21.907425,64.146806,0
-21.907040,64.146836,0
-21.904797,64.146935,0
-21.901917,64.147020,0
-21.898997,64.147113,0
-21.896146,64.147208,0
-21.895569,64.147236,0
-21.894900,64.147292,0
-21.894443,64.147302,0
-21.894153,64.147297,0
-21.893907,64.147276,0
-21.893671,64.147224,0
-21.893444,64.147165,0
-21.893253,64.147090,0
-21.893128,64.146930,0
-21.893024,64.146776,0
-21.892970,64.146686,0
-21.892939,64.146580,0
-21.892921,64.146499,0
-21.892915,64.146476,0
-21.892892,64.146381,0
-21.892869,64.146306,0
-21.892821,64.146175,0
-21.892786,64.146085,0
-21.892761,64.146025,0
-21.892615,64.145578,0
-21.892528,64.145317,0
-21.892476,64.145061,0
-21.892451,64.144874,0
-21.892469,64.144590,0
-21.892535,64.144133,0
-21.892601,64.143733,0
-21.892610,64.143673,0
-21.892726,64.142951,0
-21.892900,64.141849,0
-21.893083,64.140961,0
-21.893089,64.140929,0
-21.893174,64.140331,0
-21.893179,64.140303,0
-21.893188,64.140274,0
-21.893211,64.140201,0
-21.893255,64.140075,0
-21.893304,64.139937,0
-21.893374,64.139729,0
-21.893483,64.139321,0
-21.893535,64.139139,0
-21.893677,64.138838,0
-21.893876,64.138526,0
-21.893925,64.138451,0
-21.893938,64.138431,0
-21.894011,64.138303,0
-21.894077,64.138192,0
-21.894121,64.138112,0
-21.894180,64.138029,0
-21.894345,64.137794,0
-21.894507,64.137595,0
-21.894670,64.137397,0
-21.895283,64.136730,0
-21.896129,64.135707,0
-21.896639,64.135090,0
-21.897105,64.134527,0
-21.897567,64.133966,0
-21.897871,64.133596,0
-21.898089,64.133337,0
-21.898116,64.133304,0
-21.898161,64.133256,0
-21.898199,64.133210,0
-21.898348,64.133043,0
-21.897998,64.132988,0
-21.897884,64.132970,0
-21.897653,64.132935,0
-21.897083,64.132844,0
-21.896997,64.132830,0
-21.895007,64.132540,0
-21.894544,64.132469,0
-21.893502,64.132309,0
-21.892846,64.132208,0
-21.890442,64.131838,0
-21.886191,64.131193,0
-21.885617,64.131105,0
-21.885087,64.131026,0
-21.884224,64.130893,0
-21.884174,64.130886,0
-21.883997,64.130858,0
-21.883725,64.130818,0
-21.883407,64.130765,0
-21.882883,64.130679,0
-21.879959,64.130195,0
-21.876835,64.129657,0
-21.875929,64.129501,0
-21.875898,64.129496,0
-21.875687,64.129460,0
-21.875461,64.129420,0
-21.875154,64.129368,0
-21.874476,64.129249,0
-21.871998,64.128863,0
-21.871260,64.128740,0
-21.870368,64.128591,0
-21.869754,64.128486,0
-21.867485,64.128100,0
-21.863411,64.127410,0
-21.862296,64.127224,0
-21.858374,64.126555,0
-21.856962,64.126314,0
-21.854331,64.125863,0
-21.853328,64.125691,0
-21.849055,64.124988,0
-21.847927,64.124829,0
-21.846213,64.124605,0
-21.846193,64.124603,0
-21.842966,64.124266,0
-21.842018,64.124178,0
-21.841642,64.124149,0
-21.840162,64.124034,0
-21.838417,64.123942,0
-21.835795,64.123837,0
-21.834097,64.123801,0
-21.832491,64.123781,0
-21.828763,64.123828,0
-21.824098,64.123894,0
-21.822968,64.123914,0
-21.820372,64.123946,0
-21.819049,64.123962,0
-21.816639,64.123983,0
-21.813749,64.124034,0
-21.812266,64.124070,0
-21.811802,64.124082,0
-21.811402,64.124084,0
-21.810477,64.124088,0
-21.806305,64.124125,0
-21.800374,64.124206,0
-21.797596,64.124241,0
-21.797378,64.124244,0
-21.796622,64.124254,0
-21.796355,64.124258,0
-21.795921,64.124264,0
-21.795262,64.124273,0
-21.793284,64.124318,0
-21.790916,64.124371,0
-21.789196,64.124465,0
-21.787843,64.124580,0
-21.786602,64.124704,0
-21.784486,64.125002,0
-21.783487,64.125179,0
-21.780965,64.125723,0
-21.779697,64.126062,0
-21.777426,64.126786,0
-21.775859,64.127387,0
-21.772122,64.128827,0
-21.769770,64.129715,0
-21.767882,64.130442,0
-21.766502,64.131017,0
-21.765492,64.131512,0
-21.764495,64.132048,0
-21.763863,64.132446,0
-21.763223,64.132892,0
-21.762652,64.133334,0
-21.762136,64.133783,0
-21.761905,64.134017,0
-21.760796,64.135153,0
-21.760500,64.135467,0
-21.760369,64.135631,0
-21.759974,64.136124,0
-21.759666,64.136488,0
-21.759181,64.137164,0
-21.758730,64.137825,0
-21.758484,64.138321,0
-21.758416,64.138566,0
-21.758348,64.138665,0
-21.758273,64.138721,0
-21.758152,64.138774,0
-21.758034,64.138796,0
-21.757965,64.138815,0
-21.757843,64.138877,0
-21.757787,64.138933,0
-21.757768,64.138994,0
-21.757786,64.139055,0
-21.757811,64.139086,0
-21.757848,64.139116,0
-21.757759,64.139411,0
-21.757724,64.139527,0
-21.757493,64.140014,0
-21.757263,64.140443,0
-21.756739,64.141210,0
-21.756369,64.141664,0
-21.755981,64.142115,0
-21.755654,64.142449,0
-21.755219,64.142850,0
-21.754555,64.143418,0
-21.753942,64.143903,0
-21.752853,64.144625,0
-21.752545,64.144831,0
-21.751826,64.145228,0
-21.749937,64.146199,0
-21.746726,64.147632,0
-21.745607,64.148175,0
-21.743805,64.149160,0
-21.742115,64.150184,0
-21.738793,64.152315,0
-21.738415,64.152582,0
-21.738182,64.152778,0
-21.737998,64.152955,0
-21.737879,64.153094,0
-21.737776,64.153199,0
-21.737706,64.153248,0
-21.737607,64.153297,0
-21.737493,64.153337,0
-21.737357,64.153380,0
-21.737237,64.153396,0
-21.737131,64.153425,0
-21.737045,64.153465,0
-21.736983,64.153515,0
-21.736954,64.153570,0
-21.736882,64.153627,0
-21.736786,64.153688,0
-21.736477,64.153856,0
-21.735429,64.154410,0
-21.734772,64.154774,0
-21.734090,64.155118,0
-21.733405,64.155440,0
-21.732726,64.155728,0
-21.732065,64.155994,0
-21.730280,64.156669,0
-21.728964,64.157160,0
-21.726886,64.157935,0
-21.725504,64.158434,0
-21.725323,64.158512,0
-21.725233,64.158542,0
-21.725136,64.158565,0
-21.725025,64.158583,0
-21.724909,64.158588,0
-21.724807,64.158576,0
-21.724630,64.158576,0
-21.724465,64.158602,0
-21.724329,64.158652,0
-21.724241,64.158719,0
-21.724214,64.158769,0
-21.724021,64.158897,0
-21.723811,64.159013,0
-21.723621,64.159104,0
-21.723357,64.159213,0
-21.722628,64.159490,0
-21.722247,64.159606,0
-21.721800,64.159763,0
-21.721316,64.159936,0
-21.720762,64.160161,0
-21.720303,64.160369,0
-21.719970,64.160522,0
-21.719741,64.160671,0
-21.719584,64.160807,0
-21.719370,64.161001,0
-21.719163,64.161193,0
-21.718256,64.162033,0
-21.717625,64.162584,0
-21.717298,64.162829,0
-21.717018,64.163020,0
-21.716663,64.163209,0
-21.716255,64.163393,0
-21.715669,64.163610,0
-21.714738,64.163905,0
-21.713592,64.164244,0
-21.712712,64.164495,0
-21.712022,64.164658,0
-21.711395,64.164772,0
-21.710765,64.164865,0
-21.710056,64.164931,0
-21.709301,64.164976,0
-21.708530,64.164975,0
-21.707739,64.164951,0
-21.707301,64.164921,0
-21.707080,64.164894,0
-21.706992,64.164873,0
-21.706917,64.164839,0
-21.706861,64.164789,0
-21.706779,64.164746,0
-21.706676,64.164713,0
-21.706555,64.164693,0
-21.706427,64.164685,0
-21.706299,64.164692,0
-21.706178,64.164712,0
-21.705859,64.164717,0
-21.705535,64.164712,0
-21.705129,64.164703,0
-21.704774,64.164687,0
-21.702723,64.164558,0
-21.701603,64.164498,0
-21.700709,64.164458,0
-21.700195,64.164447,0
-21.699388,64.164433,0
-21.698721,64.164437,0
-21.698211,64.164453,0
-21.697668,64.164485,0
-21.697316,64.164517,0
-21.696552,64.164597,0
-21.695812,64.164698,0
-21.695268,64.164791,0
-21.694876,64.164871,0
-21.694465,64.164973,0
-21.694214,64.165053,0
-21.693917,64.165162,0
-21.693626,64.165255,0
-21.693542,64.165274,0
-21.693472,64.165282,0
-21.693355,64.165266,0
-21.693234,64.165262,0
-21.693114,64.165270,0
-21.692951,64.165301,0
-21.692821,64.165354,0
-21.692736,64.165423,0
-21.692714,64.165460,0
-21.692707,64.165499,0
-21.692714,64.165538,0
-21.692118,64.165952,0
-21.691357,64.166462,0
-21.690569,64.166847,0
-21.690159,64.167007,0
-21.689620,64.167177,0
-21.689332,64.167252,0
-21.688951,64.167341,0
-21.688410,64.167448,0
-21.687739,64.167542,0
-21.687355,64.167581,0
-21.686896,64.167606,0
-21.685804,64.167648,0
-21.685257,64.167685,0
-21.684233,64.167813,0
-21.684085,64.167817,0
-21.683892,64.167811,0
-21.683746,64.167809,0
-21.683594,64.167828,0
-21.683464,64.167867,0
-21.683369,64.167922,0
-21.683336,64.167958,0
-21.683318,64.167995,0
-21.683249,64.168067,0
-21.683127,64.168146,0
-21.682929,64.168239,0
-21.682663,64.168362,0
-21.682369,64.168520,0
-21.681858,64.168847,0
-21.679759,64.170222,0
-21.678510,64.171010,0
-21.678366,64.171109,0
-21.678201,64.171223,0
-21.678021,64.171347,0
-21.677882,64.171442,0
-21.677462,64.171825,0
-21.677050,64.172258,0
-21.676751,64.172776,0
-21.676513,64.173287,0
-21.676387,64.173874,0
-21.676396,64.174697,0
-21.676451,64.175136,0
-21.676575,64.175395,0
-21.676770,64.175716,0
-21.676801,64.175800,0
-21.676817,64.175846,0
-21.676717,64.175872,0
-21.676633,64.175907,0
-21.676572,64.175950,0
-21.676381,64.175987,0
-21.676209,64.176027,0
-21.676001,64.176085,0
-21.675872,64.176137,0
-21.675715,64.176220,0
-21.675678,64.176235,0
-21.675549,64.176290,0
-21.675474,64.176335,0
-21.675373,64.176412,0
-21.675269,64.176507,0
-21.675007,64.176745,0
-21.674870,64.176862,0
-21.674741,64.176959,0
-21.674535,64.177101,0
-21.674257,64.177282,0
-21.673959,64.177477,0
-21.673519,64.177767,0
-21.673258,64.177942,0
-21.673053,64.178073,0
-21.672878,64.178172,0
-21.672685,64.178263,0
-21.672498,64.178339,0
-21.672290,64.178411,0
-21.672127,64.178459,0
-21.671977,64.178497,0
-21.671764,64.178539,0
-21.671571,64.178573,0
-21.671354,64.178600,0
-21.671206,64.178617,0
-21.670980,64.178635,0
-21.670707,64.178646,0
-21.670435,64.178652,0
-21.670252,64.178652,0
-21.670080,64.178647,0
-21.669822,64.178633,0
-21.669554,64.178614,0
-21.668916,64.178563,0
-21.668417,64.178530,0
-21.667965,64.178516,0
-21.667583,64.178520,0
-21.667205,64.178544,0
-21.666786,64.178575,0
-21.658212,64.179413,0
-21.654663,64.179724,0
-21.653733,64.179783,0
-21.652771,64.179829,0
-21.649899,64.179927,0
-21.646204,64.180176,0
-21.646055,64.180184,0
-21.645607,64.180207,0
-21.645240,64.180221,0
-21.645043,64.180227,0
-21.644081,64.180237,0
-21.643791,64.180242,0
-21.642034,64.180271,0
-21.637018,64.180352,0
-21.635929,64.180370,0
-21.635689,64.180374,0
-21.631714,64.180437,0
-21.630239,64.180456,0
-21.628130,64.180496,0
-21.627042,64.180517,0
-21.619854,64.180606,0
-21.619634,64.180609,0
-21.618387,64.180629,0
-21.609073,64.180753,0
-21.606480,64.180787,0
-21.606346,64.180789,0
-21.598987,64.180887,0
-21.598536,64.180875,0
-21.596452,64.180774,0
-21.592226,64.180542,0
-21.590763,64.180486,0
-21.590065,64.180498,0
-21.589177,64.180529,0
-21.587983,64.180597,0
-21.586537,64.180741,0
-21.585744,64.180856,0
-21.585026,64.180967,0
-21.584330,64.181083,0
-21.583924,64.181151,0
-21.583231,64.181277,0
-21.582950,64.181329,0
-21.581044,64.181678,0
-21.579726,64.181918,0
-21.577770,64.182155,0
-21.575280,64.182354,0
-21.573056,64.182637,0
-21.572597,64.182701,0
-21.571264,64.182961,0
-21.570523,64.183132,0
-21.568640,64.183604,0
-21.566725,64.184127,0
-21.565618,64.184412,0
-21.564741,64.184608,0
-21.563861,64.184786,0
-21.562937,64.184932,0
-21.561692,64.185109,0
-21.560643,64.185253,0
-21.559247,64.185389,0
-21.557476,64.185506,0
-21.554211,64.185736,0
-21.552165,64.185860,0
-21.549879,64.186042,0
-21.548521,64.186143,0
-21.547158,64.186296,0
-21.545711,64.186535,0
-21.544486,64.186795,0
-21.541515,64.187527,0
-21.536516,64.188879,0
-21.534404,64.189461,0
-21.530762,64.190447,0
-21.527975,64.191209,0
-21.525210,64.191969,0
-21.522602,64.192673,0
-21.520067,64.193357,0
-21.518286,64.193853,0
-21.516998,64.194200,0
-21.514537,64.194855,0
-21.513699,64.195088,0
-21.513005,64.195255,0
-21.512183,64.195437,0
-21.511308,64.195620,0
-21.510638,64.195744,0
-21.510001,64.195851,0
-21.509343,64.195950,0
-21.508643,64.196042,0
-21.507994,64.196122,0
-21.507290,64.196189,0
-21.505935,64.196312,0
-21.503706,64.196506,0
-21.502959,64.196575,0
-21.502327,64.196645,0
-21.501612,64.196733,0
-21.500866,64.196838,0
-21.500091,64.196962,0
-21.499200,64.197117,0
-21.498456,64.197275,0
-21.497678,64.197448,0
-21.496536,64.197741,0
-21.494824,64.198211,0
-21.493443,64.198602,0
-21.491329,64.199199,0
-21.489211,64.199794,0
-21.487982,64.200140,0
-21.487053,64.200389,0
-21.486296,64.200577,0
-21.485522,64.200750,0
-21.484558,64.200933,0
-21.483555,64.201095,0
-21.482507,64.201237,0
-21.481311,64.201371,0
-21.480196,64.201465,0
-21.478911,64.201536,0
-21.476088,64.201633,0
-21.473028,64.201746,0
-21.471977,64.201791,0
-21.471128,64.201843,0
-21.469851,64.201999,0
-21.468491,64.202207,0
-21.468203,64.202256,0
-21.466310,64.202657,0
-21.465656,64.202819,0
-21.464709,64.203092,0
-21.463826,64.203403,0
-21.462498,64.203960,0
-21.460938,64.204621,0
-21.459341,64.205214,0
-21.458554,64.205446,0
-21.458021,64.205596,0
-21.457599,64.205710,0
-21.456913,64.205879,0
-21.456549,64.205965,0
-21.456115,64.206066,0
-21.455491,64.206205,0
-21.455017,64.206297,0
-21.454269,64.206425,0
-21.453418,64.206549,0
-21.451897,64.206778,0
-21.449475,64.207140,0
-21.446792,64.207506,0
-21.444132,64.207878,0
-21.441412,64.208276,0
-21.441287,64.208291,0
-21.439200,64.208566,0
-21.438176,64.208704,0
-21.437426,64.208814,0
-21.437118,64.208850,0
-21.436561,64.208905,0
-21.435891,64.208969,0
-21.431641,64.209288,0
-21.429743,64.209419,0
-21.429360,64.209445,0
-21.427789,64.209554,0
-21.426667,64.209626,0
-21.425854,64.209668,0
-21.425286,64.209686,0
-21.425023,64.209694,0
-21.424293,64.209701,0
-21.423628,64.209711,0
-21.422952,64.209690,0
-21.422246,64.209649,0
-21.421404,64.209583,0
-21.420502,64.209491,0
-21.419799,64.209392,0
-21.419032,64.209288,0
-21.418366,64.209151,0
-21.417734,64.209019,0
-21.417224,64.208904,0
-21.416457,64.208708,0
-21.415825,64.208529,0
-21.414956,64.208295,0
-21.412981,64.207696,0
-21.411018,64.207132,0
-21.410428,64.206968,0
-21.409707,64.206787,0
-21.409121,64.206648,0
-21.408628,64.206545,0
-21.408156,64.206454,0
-21.407571,64.206361,0
-21.406716,64.206241,0
-21.404755,64.205980,0
-21.403914,64.205875,0
-21.403224,64.205805,0
-21.402723,64.205756,0
-21.402145,64.205717,0
-21.401560,64.205686,0
-21.400891,64.205665,0
-21.400211,64.205663,0
-21.399629,64.205671,0
-21.398971,64.205704,0
-21.397170,64.205810,0
-21.395468,64.205919,0
-21.393719,64.206055,0
-21.392917,64.206137,0
-21.392252,64.206223,0
-21.391243,64.206374,0
-21.390623,64.206482,0
-21.389887,64.206630,0
-21.388391,64.206947,0
-21.386908,64.207253,0
-21.385855,64.207471,0
-21.384636,64.207730,0
-21.383686,64.207948,0
-21.382888,64.208158,0
-21.382204,64.208355,0
-21.381406,64.208610,0
-21.380452,64.208907,0
-21.379784,64.209123,0
-21.379342,64.209253,0
-21.378999,64.209349,0
-21.378698,64.209430,0
-21.378249,64.209538,0
-21.377713,64.209666,0
-21.377223,64.209782,0
-21.376505,64.209936,0
-21.374932,64.210279,0
-21.372290,64.210849,0
-21.369176,64.211522,0
-21.365978,64.212213,0
-21.362264,64.213010,0
-21.361574,64.213149,0
-21.360968,64.213263,0
-21.360373,64.213363,0
-21.359823,64.213441,0
-21.359259,64.213517,0
-21.358589,64.213594,0
-21.357924,64.213661,0
-21.356621,64.213789,0
-21.353478,64.214099,0
-21.350153,64.214413,0
-21.348835,64.214539,0
-21.348082,64.214601,0
-21.347595,64.214626,0
-21.347190,64.214648,0
-21.346744,64.214670,0
-21.346270,64.214677,0
-21.345801,64.214667,0
-21.345409,64.214655,0
-21.344902,64.214632,0
-21.344405,64.214598,0
-21.343952,64.214558,0
-21.343423,64.214517,0
-21.343072,64.214474,0
-21.342620,64.214404,0
-21.342175,64.214322,0
-21.341622,64.214211,0
-21.341103,64.214099,0
-21.340434,64.213947,0
-21.339229,64.213662,0
-21.338115,64.213408,0
-21.337555,64.213290,0
-21.337015,64.213187,0
-21.336455,64.213094,0
-21.335982,64.213022,0
-21.334969,64.212889,0
-21.334162,64.212779,0
-21.324373,64.211635,0
-21.322928,64.211451,0
-21.321971,64.211319,0
-21.321259,64.211207,0
-21.320614,64.211099,0
-21.319805,64.210943,0
-21.319104,64.210793,0
-21.318033,64.210553,0
-21.316862,64.210272,0
-21.316190,64.210118,0
-21.315601,64.209994,0
-21.315100,64.209904,0
-21.314711,64.209845,0
-21.314210,64.209780,0
-21.313788,64.209738,0
-21.313363,64.209699,0
-21.312904,64.209667,0
-21.312462,64.209648,0
-21.312094,64.209643,0
-21.311579,64.209632,0
-21.310866,64.209643,0
-21.309989,64.209666,0
-21.309113,64.209701,0
-21.308448,64.209715,0
-21.307649,64.209729,0
-21.307068,64.209728,0
-21.306423,64.209702,0
-21.305806,64.209663,0
-21.305114,64.209606,0
-21.304381,64.209526,0
-21.303158,64.209392,0
-21.302318,64.209302,0
-21.301747,64.209254,0
-21.301050,64.209213,0
-21.300301,64.209186,0
-21.299740,64.209179,0
-21.299019,64.209185,0
-21.298198,64.209205,0
-21.293595,64.209364,0
-21.289585,64.209493,0
-21.288457,64.209553,0
-21.287770,64.209601,0
-21.286946,64.209680,0
-21.286108,64.209785,0
-21.285242,64.209914,0
-21.284453,64.210024,0
-21.283696,64.210117,0
-21.283124,64.210173,0
-21.282623,64.210207,0
-21.282113,64.210228,0
-21.281789,64.210230,0
-21.281392,64.210222,0
-21.280905,64.210208,0
-21.280480,64.210186,0
-21.280065,64.210154,0
-21.279686,64.210114,0
-21.278841,64.209999,0
-21.277402,64.209781,0
-21.276447,64.209655,0
-21.275872,64.209588,0
-21.275429,64.209554,0
-21.274847,64.209509,0
-21.274228,64.209467,0
-21.273713,64.209455,0
-21.273588,64.209454,0
-21.273317,64.209454,0
-21.272512,64.209458,0
-21.271964,64.209471,0
-21.271326,64.209504,0
-21.270718,64.209551,0
-21.269993,64.209625,0
-21.269302,64.209716,0
-21.268573,64.209825,0
-21.267688,64.209971,0
-21.263805,64.210635,0
-21.262704,64.210835,0
-21.261078,64.211158,0
-21.260115,64.211355,0
-21.259073,64.211590,0
-21.257800,64.211889,0
-21.256465,64.212230,0
-21.255582,64.212468,0
-21.254651,64.212732,0
-21.253634,64.213038,0
-21.252644,64.213343,0
-21.251486,64.213722,0
-21.249075,64.214570,0
-21.246588,64.215433,0
-21.242945,64.216727,0
-21.238780,64.218194,0
-21.237488,64.218648,0
-21.236272,64.219044,0
-21.234908,64.219471,0
-21.233747,64.219811,0
-21.232435,64.220185,0
-21.229535,64.221006,0
-21.227151,64.221671,0
-21.224509,64.222423,0
-21.223503,64.222695,0
-21.222947,64.222838,0
-21.222423,64.222955,0
-21.221952,64.223050,0
-21.221487,64.223128,0
-21.220740,64.223234,0
-21.219974,64.223323,0
-21.218972,64.223432,0
-21.217987,64.223549,0
-21.217421,64.223632,0
-21.216988,64.223702,0
-21.216366,64.223820,0
-21.216167,64.223864,0
-21.215826,64.223949,0
-21.215543,64.224026,0
-21.215320,64.224091,0
-21.214918,64.224219,0
-21.214362,64.224420,0
-21.213889,64.224609,0
-21.213013,64.224991,0
-21.212192,64.225345,0
-21.212019,64.225414,0
-21.211480,64.225649,0
-21.210563,64.226047,0
-21.208915,64.226742,0
-21.207913,64.227134,0
-21.206518,64.227657,0
-21.205793,64.227928,0
-21.205183,64.228137,0
-21.204128,64.228500,0
-21.202849,64.228916,0
-21.202416,64.229058,0
-21.200856,64.229572,0
-21.200457,64.229713,0
-21.200188,64.229817,0
-21.199844,64.229958,0
-21.199521,64.230079,0
-21.199264,64.230211,0
-21.199035,64.230332,0
-21.198815,64.230496,0
-21.198568,64.230686,0
-21.198453,64.230805,0
-21.198291,64.230988,0
-21.198170,64.231147,0
-21.198061,64.231347,0
-21.197960,64.231614,0
-21.197791,64.232065,0
-21.197673,64.232284,0
-21.197554,64.232529,0
-21.197426,64.232723,0
-21.197250,64.232933,0
-21.196666,64.233431,0
-21.196426,64.233583,0
-21.195392,64.234223,0
-21.193912,64.235030,0
-21.192889,64.235613,0
-21.191935,64.236253,0
-21.191013,64.237122,0
-21.190517,64.237564,0
-21.190052,64.237888,0
-21.189332,64.238241,0
-21.188325,64.238687,0
-21.187538,64.239096,0
-21.187092,64.239454,0
-21.186831,64.239700,0
-21.186615,64.240082,0
-21.186469,64.240464,0
-21.186261,64.240848,0
-21.186137,64.241049,0
-21.185981,64.241267,0
-21.185773,64.241492,0
-21.185534,64.241733,0
-21.185299,64.241926,0
-21.184980,64.242163,0
-21.184704,64.242347,0
-21.184414,64.242515,0
-21.184110,64.242688,0
-21.183773,64.242848,0
-21.183416,64.243010,0
-21.183023,64.243165,0
-21.182703,64.243281,0
-21.182505,64.243353,0
-21.182234,64.243440,0
-21.181884,64.243545,0
-21.181506,64.243648,0
-21.180961,64.243779,0
-21.173724,64.245488,0
-21.172583,64.245799,0
-21.171160,64.246099,0
-21.168508,64.246709,0
-21.166616,64.247155,0
-21.165825,64.247368,0
-21.165149,64.247588,0
-21.163225,64.248226,0
-21.162741,64.248394,0
-21.162174,64.248609,0
-21.159749,64.249812,0
-21.159066,64.250090,0
-21.156088,64.251102,0
-21.153441,64.251985,0
-21.152691,64.252221,0
-21.151109,64.252608,0
-21.149556,64.252947,0
-21.148292,64.253233,0
-21.147564,64.253427,0
-21.147111,64.253563,0
-21.146982,64.253602,0
-21.146313,64.253842,0
-21.145808,64.254023,0
-21.144850,64.254383,0
-21.144784,64.254407,0
-21.143677,64.254826,0
-21.143575,64.254868,0
-21.142588,64.255275,0
-21.141632,64.255684,0
-21.141236,64.255864,0
-21.140818,64.256088,0
-21.140307,64.256385,0
-21.139622,64.256854,0
-21.139335,64.257074,0
-21.139135,64.257257,0
-21.137747,64.258558,0
-21.135944,64.260356,0
-21.135541,64.260724,0
-21.135252,64.260962,0
-21.134994,64.261177,0
-21.134658,64.261427,0
-21.134307,64.261671,0
-21.133871,64.261951,0
-21.133562,64.262145,0
-21.133248,64.262315,0
-21.133108,64.262383,0
-21.132695,64.262577,0
-21.130392,64.263615,0
-21.129843,64.263871,0
-21.129491,64.264049,0
-21.129230,64.264198,0
-21.128978,64.264355,0
-21.128741,64.264533,0
-21.128472,64.264747,0
-21.128096,64.265113,0
-21.127728,64.265502,0
-21.127350,64.265869,0
-21.127010,64.266156,0
-21.126820,64.266311,0
-21.126498,64.266539,0
-21.126184,64.266751,0
-21.125889,64.266918,0
-21.125574,64.267096,0
-21.125184,64.267288,0
-21.124890,64.267421,0
-21.124584,64.267560,0
-21.124204,64.267723,0
-21.121899,64.268615,0
-21.121743,64.268674,0
-21.121238,64.268871,0
-21.119099,64.269704,0
-21.118411,64.269981,0
-21.117589,64.270326,0
-21.116667,64.270750,0
-21.116047,64.271026,0
-21.115021,64.271535,0
-21.111752,64.273115,0
-21.111398,64.273285,0
-21.109354,64.274268,0
-21.107834,64.274998,0
-21.106946,64.275415,0
-21.105037,64.276291,0
-21.104443,64.276552,0
-21.103943,64.276759,0
-21.103394,64.276964,0
-21.102900,64.277140,0
-21.102496,64.277271,0
-21.102104,64.277395,0
-21.101698,64.277512,0
-21.101208,64.277647,0
-21.100880,64.277733,0
-21.100122,64.277913,0
-21.098493,64.278305,0
-21.096813,64.278715,0
-21.096154,64.278860,0
-21.095558,64.278978,0
-21.095021,64.279071,0
-21.094554,64.279143,0
-21.094120,64.279209,0
-21.093791,64.279254,0
-21.093539,64.279279,0
-21.093257,64.279304,0
-21.092962,64.279320,0
-21.092500,64.279341,0
-21.091298,64.279330,0
-21.090189,64.279329,0
-21.089422,64.279334,0
-21.087785,64.279322,0
-21.086784,64.279315,0
-21.085848,64.279314,0
-21.085478,64.279309,0
-21.085101,64.279298,0
-21.084719,64.279278,0
-21.084415,64.279256,0
-21.084092,64.279220,0
-21.083837,64.279186,0
-21.083443,64.279121,0
-21.083147,64.279072,0
-21.082657,64.278974,0
-21.082260,64.278882,0
-21.081748,64.278760,0
-21.081649,64.278736,0
-21.080054,64.278340,0
-21.078513,64.277993,0
-21.077264,64.277691,0
-21.076324,64.277458,0
-21.076071,64.277392,0
-21.075893,64.277334,0
-21.075704,64.277258,0
-21.075523,64.277178,0
-21.075364,64.277099,0
-21.075187,64.277002,0
-21.075046,64.276911,0
-21.074897,64.276792,0
-21.074780,64.276696,0
-21.074672,64.276589,0
-21.074567,64.276473,0
-21.074489,64.276367,0
-21.074413,64.276216,0
-21.074354,64.276088,0
-21.074324,64.275970,0
-21.074318,64.275859,0
-21.074340,64.275662,0
-21.074350,64.275539,0
-21.074342,64.275365,0
-21.074317,64.275193,0
-21.074275,64.275059,0
-21.074233,64.274967,0
-21.074155,64.274829,0
-21.074051,64.274665,0
-21.073926,64.274500,0
-21.073802,64.274353,0
-21.073637,64.274192,0
-21.073440,64.274022,0
-21.073195,64.273840,0
-21.072927,64.273670,0
-21.072725,64.273548,0
-21.072407,64.273380,0
-21.072146,64.273243,0
-21.071831,64.273095,0
-21.070954,64.272699,0
-21.070697,64.272577,0
-21.070324,64.272425,0
-21.069740,64.272209,0
-21.069463,64.272103,0
-21.069063,64.271968,0
-21.068376,64.271691,0
-21.068088,64.271582,0
-21.066993,64.271169,0
-21.066797,64.271083,0
-21.066638,64.271002,0
-21.066523,64.270934,0
-21.066293,64.270790,0
-21.066118,64.270655,0
-21.065767,64.270338,0
-21.064776,64.269288,0
-21.064332,64.268855,0
-21.064078,64.268605,0
-21.063797,64.268366,0
-21.063359,64.268044,0
-21.063225,64.267946,0
-21.062981,64.267786,0
-21.062570,64.267511,0
-21.062043,64.267212,0
-21.061082,64.266722,0
-21.060290,64.266379,0
-21.059778,64.266168,0
-21.059432,64.266026,0
-21.058415,64.265643,0
-21.057639,64.265362,0
-21.056755,64.264982,0
-21.056413,64.264832,0
-21.056294,64.264780,0
-21.055884,64.264592,0
-21.055296,64.264300,0
-21.054689,64.263965,0
-21.053746,64.263365,0
-21.053279,64.263025,0
-21.053080,64.262882,0
-21.052952,64.262769,0
-21.052582,64.262441,0
-21.052206,64.262152,0
-21.051841,64.261866,0
-21.051659,64.261728,0
-21.051329,64.261532,0
-21.050833,64.261272,0
-21.050597,64.261160,0
-21.050386,64.261065,0
-21.049830,64.260850,0
-21.049139,64.260625,0
-21.048446,64.260448,0
-21.048089,64.260369,0
-21.047796,64.260315,0
-21.047287,64.260228,0
-21.046895,64.260172,0
-21.046662,64.260142,0
-21.046324,64.260110,0
-21.045664,64.260052,0
-21.045034,64.260023,0
-21.044320,64.260014,0
-21.043516,64.260016,0
-21.042877,64.260035,0
-21.042144,64.260060,0
-21.041751,64.260072,0
-21.040994,64.260102,0
-21.040682,64.260109,0
-21.040376,64.260110,0
-21.040099,64.260102,0
-21.039731,64.260084,0
-21.039407,64.260044,0
-21.039050,64.259991,0
-21.038801,64.259951,0
-21.038514,64.259886,0
-21.038186,64.259792,0
-21.037915,64.259708,0
-21.037584,64.259585,0
-21.037263,64.259422,0
-21.037086,64.259313,0
-21.036931,64.259215,0
-21.036588,64.258973,0
-21.036378,64.258854,0
-21.036152,64.258740,0
-21.035896,64.258626,0
-21.035708,64.258551,0
-21.035489,64.258477,0
-21.035145,64.258386,0
-21.034771,64.258300,0
-21.034404,64.258234,0
-21.034147,64.258192,0
-21.033863,64.258164,0
-21.033573,64.258148,0
-21.033192,64.258148,0
-21.032419,64.258162,0
-21.032028,64.258171,0
-21.031774,64.258170,0
-21.031517,64.258161,0
-21.031264,64.258148,0
-21.031032,64.258122,0
-21.030749,64.258076,0
-21.030300,64.257989,0
-21.030048,64.257927,0
-21.029765,64.257842,0
-21.029510,64.257761,0
-21.029297,64.257679,0
-21.029155,64.257611,0
-21.029032,64.257542,0
-21.028800,64.257374,0
-21.028623,64.257218,0
-21.028456,64.257020,0
-21.028315,64.256811,0
-21.028112,64.256432,0
-21.027952,64.256101,0
-21.027671,64.255501,0
-21.027471,64.255062,0
-21.027361,64.254856,0
-21.027215,64.254627,0
-21.027072,64.254436,0
-21.026900,64.254225,0
-21.026721,64.254030,0
-21.026550,64.253860,0
-21.026328,64.253674,0
-21.026104,64.253502,0
-21.025861,64.253327,0
-21.025566,64.253133,0
-21.025187,64.252907,0
-21.024788,64.252689,0
-21.023465,64.252062,0
-21.023332,64.251983,0
-21.023176,64.251887,0
-21.023068,64.251801,0
-21.022954,64.251692,0
-21.022881,64.251607,0
-21.022794,64.251480,0
-21.022748,64.251406,0
-21.022702,64.251314,0
-21.022659,64.251205,0
-21.022631,64.251047,0
-21.022625,64.250933,0
-21.022643,64.250780,0
-21.023001,64.249427,0
-21.023081,64.249155,0
-21.023178,64.248922,0
-21.023293,64.248739,0
-21.023473,64.248554,0
-21.024063,64.247948,0
-21.024139,64.247866,0
-21.024193,64.247807,0
-21.024286,64.247650,0
-21.024391,64.247423,0
-21.024467,64.247226,0
-21.024501,64.247038,0
-21.024492,64.246734,0
-21.024452,64.246420,0
-21.024345,64.245793,0
-21.024322,64.245329,0
-21.024341,64.245125,0
-21.024393,64.244883,0
-21.024528,64.244549,0
-21.024686,64.244270,0
-21.024872,64.244020,0
-21.025158,64.243724,0
-21.025532,64.243363,0
-21.027435,64.241529,0
-21.027759,64.241140,0
-21.028079,64.240714,0
-21.028243,64.240459,0
-21.028384,64.240199,0
-21.028569,64.239799,0
-21.028685,64.239504,0
-21.028793,64.239205,0
-21.028938,64.238698,0
-21.028981,64.238508,0
-21.029020,64.238280,0
-21.029033,64.238111,0
-21.029024,64.237908,0
-21.029019,64.237730,0
-21.028997,64.237527,0
-21.028962,64.237329,0
-21.028900,64.237021,0
-21.028795,64.236687,0
-21.028712,64.236469,0
-21.028678,64.236317,0
-21.028664,64.236172,0
-21.028664,64.236026,0
-21.028680,64.235855,0
-21.028720,64.235651,0
-21.028772,64.235496,0
-21.028848,64.235331,0
-21.028968,64.235110,0
-21.029116,64.234888,0
-21.029306,64.234643,0
-21.029853,64.233977,0
-21.029995,64.233808,0
-21.030120,64.233679,0
-21.030214,64.233585,0
-21.030333,64.233490,0
-21.030521,64.233366,0
-21.030726,64.233241,0
-21.030888,64.233152,0
-21.031115,64.233047,0
-21.031295,64.232967,0
-21.031476,64.232903,0
-21.031674,64.232834,0
-21.031920,64.232757,0
-21.032167,64.232689,0
-21.032352,64.232645,0
-21.032579,64.232594,0
-21.032840,64.232543,0
-21.033047,64.232507,0
-21.033282,64.232474,0
-21.033499,64.232447,0
-21.033839,64.232417,0
-21.034108,64.232398,0
-21.034401,64.232384,0
-21.034741,64.232377,0
-21.035370,64.232381,0
-21.035683,64.232377,0
-21.036087,64.232369,0
-21.036349,64.232361,0
-21.036525,64.232350,0
-21.036684,64.232338,0
-21.037013,64.232305,0
-21.037450,64.232248,0
-21.037844,64.232181,0
-21.038256,64.232106,0
-21.038614,64.232041,0
-21.038978,64.231963,0
-21.039502,64.231845,0
-21.040490,64.231613,0
-21.040812,64.231534,0
-21.041230,64.231438,0
-21.041673,64.231347,0
-21.041918,64.231301,0
-21.041961,64.231293,0
-21.042169,64.231259,0
-21.042523,64.231205,0
-21.042901,64.231148,0
-21.043205,64.231110,0
-21.043605,64.231061,0
-21.045659,64.230816,0
-21.047650,64.230574,0
-21.048406,64.230467,0
-21.048705,64.230418,0
-21.048956,64.230368,0
-21.049200,64.230310,0
-21.049493,64.230233,0
-21.049790,64.230145,0
-21.050135,64.230026,0
-21.050387,64.229932,0
-21.050548,64.229861,0
-21.050749,64.229766,0
-21.050958,64.229658,0
-21.051150,64.229539,0
-21.051350,64.229403,0
-21.051598,64.229207,0
-21.051683,64.229125,0
-21.051778,64.229028,0
-21.051878,64.228908,0
-21.051978,64.228753,0
-21.052101,64.228526,0
-21.052204,64.228280,0
-21.052830,64.226437,0
-21.053172,64.225415,0
-21.053208,64.225300,0
-21.053276,64.225097,0
-21.053307,64.225002,0
-21.053612,64.224145,0
-21.053909,64.223236,0
-21.054191,64.222443,0
-21.054294,64.222117,0
-21.054364,64.221849,0
-21.054396,64.221667,0
-21.054416,64.221421,0
-21.054413,64.221173,0
-21.054388,64.220989,0
-21.054345,64.220741,0
-21.054280,64.220483,0
-21.054187,64.220234,0
-21.054072,64.220017,0
-21.053949,64.219803,0
-21.053789,64.219559,0
-21.053561,64.219271,0
-21.053181,64.218856,0
-21.040306,64.205979,0
-21.039539,64.205248,0
-21.038500,64.204406,0
-21.032633,64.199888,0
-21.031730,64.199214,0
-21.031088,64.198779,0
-21.030763,64.198583,0
-21.030294,64.198312,0
-21.029731,64.198011,0
-21.029191,64.197745,0
-21.028604,64.197486,0
-21.028191,64.197311,0
-21.027838,64.197161,0
-21.027502,64.197033,0
-21.027310,64.196961,0
-21.026778,64.196770,0
-21.026541,64.196688,0
-21.025784,64.196446,0
-21.025069,64.196233,0
-21.024349,64.196045,0
-21.023771,64.195906,0
-21.022990,64.195730,0
-21.022203,64.195570,0
-21.021409,64.195432,0
-21.020333,64.195271,0
-21.019342,64.195139,0
-21.018397,64.195041,0
-21.017531,64.194970,0
-21.016591,64.194908,0
-21.015835,64.194872,0
-21.014991,64.194847,0
-21.013889,64.194846,0
-21.012968,64.194856,0
-21.011917,64.194892,0
-21.008828,64.195075,0
-21.006079,64.195222,0
-20.992449,64.196070,0
-20.988504,64.196203,0
-20.982663,64.196248,0
-20.978666,64.196092,0
-20.974670,64.195847,0
-20.970212,64.195401,0
-20.963038,64.194575,0
-20.958325,64.193973,0
-20.949788,64.192899,0
-20.943363,64.192189,0
-20.938290,64.191765,0
-20.936299,64.191662,0
-20.933635,64.191606,0
-20.932018,64.191590,0
-20.930229,64.191610,0
-20.926710,64.191698,0
-20.925878,64.191734,0
-20.925152,64.191769,0
-20.923785,64.191858,0
-20.922869,64.191919,0
-20.921471,64.192033,0
-20.920394,64.192131,0
-20.918690,64.192318,0
-20.917492,64.192467,0
-20.917078,64.192523,0
-20.915802,64.192703,0
-20.914119,64.192957,0
-20.912992,64.193144,0
-20.912001,64.193318,0
-20.910155,64.193670,0
-20.909417,64.193826,0
-20.904114,64.194999,0
-20.899298,64.195847,0
-20.894020,64.196560,0
-20.888896,64.197029,0
-20.888301,64.197066,0
-20.883158,64.197386,0
-20.879139,64.197813,0
-20.876650,64.198077,0
-20.868555,64.199304,0
-20.863585,64.199928,0
-20.861194,64.200109,0
-20.858612,64.200225,0
-20.853107,64.200281,0
-20.849827,64.200223,0
-20.846364,64.200303,0
-20.844011,64.200443,0
-20.841860,64.200619,0
-20.837197,64.201244,0
-20.832944,64.201890,0
-20.829101,64.202247,0
-20.824490,64.202492,0
-20.819110,64.202403,0
-20.815625,64.202158,0
-20.811298,64.201862,0
-20.807389,64.201826,0
-20.805086,64.201935,0
-20.802778,64.202116,0
-20.801061,64.202316,0
-20.798703,64.202680,0
-20.796905,64.203067,0
-20.794479,64.203707,0
-20.789727,64.205209,0
-20.788339,64.205570,0
-20.787320,64.205846,0
-20.786280,64.206082,0
-20.785579,64.206210,0
-20.784949,64.206331,0
-20.784246,64.206454,0
-20.783355,64.206588,0
-20.782571,64.206701,0
-20.781693,64.206810,0
-20.780989,64.206888,0
-20.780064,64.206976,0
-20.778779,64.207070,0
-20.777731,64.207141,0
-20.776828,64.207200,0
-20.776075,64.207250,0
-20.775358,64.207311,0
-20.774721,64.207373,0
-20.774143,64.207426,0
-20.773642,64.207499,0
-20.773078,64.207596,0
-20.772468,64.207711,0
-20.771764,64.207867,0
-20.770432,64.208203,0
-20.769143,64.208436,0
-20.767962,64.208640,0
-20.763578,64.208978,0
-20.760094,64.209401,0
-20.756815,64.210070,0
-20.754933,64.210607,0
-20.753362,64.210996,0
-20.752057,64.211263,0
-20.750981,64.211430,0
-20.750346,64.211522,0
-20.749827,64.211591,0
-20.749174,64.211664,0
-20.748351,64.211736,0
-20.747591,64.211753,0
-20.747166,64.211776,0
-20.746735,64.211809,0
-20.746336,64.211849,0
-20.745909,64.211901,0
-20.745427,64.211924,0
-20.744874,64.211941,0
-20.744126,64.211895,0
-20.743738,64.211869,0
-20.743699,64.211867,0
-20.743535,64.211836,0
-20.743386,64.211793,0
-20.743370,64.211766,0
-20.743343,64.211739,0
-20.743305,64.211716,0
-20.743259,64.211695,0
-20.743225,64.211599,0
-20.743225,64.211528,0
-20.743273,64.211253,0
-20.743333,64.211115,0
-20.743378,64.210956,0
-20.743398,64.210789,0
-20.743396,64.210039,0
-20.743396,64.209814,0
-20.743390,64.209510,0
-20.743384,64.209156,0
-20.743370,64.208410,0
-20.743322,64.205798,0
-20.743283,64.203698,0
-20.743273,64.203196,0
-20.743252,64.202389,0
-20.743220,64.202226,0
-20.743178,64.202096,0
-20.743141,64.201984,0
-20.743032,64.201619,0
-20.742881,64.201327,0
-20.742678,64.200977,0
-20.742512,64.200707,0
-20.742284,64.200423,0
-20.742033,64.200141,0
-20.741772,64.199871,0
-20.741476,64.199583,0
-20.740125,64.198371,0
-20.737933,64.196443,0
-20.735827,64.194593,0
-20.734119,64.193092,0
-20.733820,64.193161,0
-20.726572,64.194737,0
-20.724906,64.195095,0
-20.713596,64.197571,0
-20.702128,64.200053,0
-20.699573,64.200605,0
-20.698775,64.200749,0
-20.697768,64.200886,0
-20.696565,64.200976,0
-20.696776,64.201518,0
-20.696878,64.201781,0
-20.697072,64.202374,0
-20.697189,64.202734,0
-20.697201,64.202836,0
-20.697182,64.202912,0
-20.697106,64.202982,0
-20.697068,64.203046,0
-20.697068,64.203092,0
-20.697090,64.203127,0
-20.697170,64.203152,0
-20.697246,64.203190,0
-20.697284,64.203246,0
-20.697303,64.203302,0
-20.697280,64.203350,0
-20.697174,64.203418,0
-20.697045,64.203475,0
-20.696973,64.203536,0
-20.696927,64.203604,0
-20.696779,64.203901,0
-20.696423,64.204487,0
-20.696411,64.204537,0
-20.696438,64.204578,0
-20.696510,64.204638,0
-20.696696,64.204751,0
-20.696753,64.204821,0
-20.696772,64.204888,0
-20.696749,64.204946,0
-20.696357,64.205272,0
-20.696203,64.205353,0
-20.695924,64.205483,0
-20.695729,64.205661,0
-20.695152,64.206080,0
-20.695152,64.206080,0
-20.695729,64.205661,0
-20.695924,64.205483,0
-20.696203,64.205353,0
-20.696357,64.205272,0
-20.696749,64.204946,0
-20.696772,64.204888,0
-20.696753,64.204821,0
-20.696696,64.204751,0
-20.696510,64.204638,0
-20.696438,64.204578,0
-20.696411,64.204537,0
-20.696423,64.204487,0
-20.696779,64.203901,0
-20.696927,64.203604,0
-20.696973,64.203536,0
-20.697045,64.203475,0
-20.697174,64.203418,0
-20.697280,64.203350,0
-20.697303,64.203302,0
-20.697284,64.203246,0
-20.697246,64.203190,0
-20.697170,64.203152,0
-20.697090,64.203127,0
-20.697068,64.203092,0
-20.697068,64.203046,0
-20.697106,64.202982,0
-20.697182,64.202912,0
-20.697201,64.202836,0
-20.697189,64.202734,0
-20.697072,64.202374,0
-20.696878,64.201781,0
-20.696776,64.201518,0
-20.696565,64.200976,0
-20.697768,64.200886,0
-20.698775,64.200749,0
-20.699573,64.200605,0
-20.702128,64.200053,0
-20.713596,64.197571,0
-20.724906,64.195095,0
-20.726572,64.194737,0
-20.733820,64.193161,0
-20.734119,64.193092,0
-20.735827,64.194593,0
-20.737933,64.196443,0
-20.740125,64.198371,0
-20.741476,64.199583,0
-20.741772,64.199871,0
-20.742033,64.200141,0
-20.742284,64.200423,0
-20.742512,64.200707,0
-20.742678,64.200977,0
-20.742881,64.201327,0
-20.743032,64.201619,0
-20.743141,64.201984,0
-20.743178,64.202096,0
-20.743220,64.202226,0
-20.743252,64.202389,0
-20.743273,64.203196,0
-20.743283,64.203698,0
-20.743322,64.205798,0
-20.743370,64.208410,0
-20.743384,64.209156,0
-20.743390,64.209510,0
-20.743396,64.209814,0
-20.743396,64.210039,0
-20.743398,64.210789,0
-20.743378,64.210956,0
-20.743333,64.211115,0
-20.743273,64.211253,0
-20.743071,64.211517,0
-20.743016,64.211592,0
-20.742951,64.211658,0
-20.742887,64.211665,0
-20.742826,64.211676,0
-20.742772,64.211693,0
-20.742725,64.211713,0
-20.742686,64.211736,0
-20.742657,64.211762,0
-20.742640,64.211790,0
-20.742633,64.211818,0
-20.742638,64.211847,0
-20.742654,64.211875,0
-20.742595,64.211946,0
-20.742496,64.212013,0
-20.742339,64.212084,0
-20.742124,64.212161,0
-20.741724,64.212302,0
-20.741630,64.212324,0
-20.739077,64.212952,0
-20.738722,64.213041,0
-20.738493,64.213107,0
-20.738237,64.213193,0
-20.738118,64.213237,0
-20.737933,64.213318,0
-20.737749,64.213418,0
-20.737581,64.213524,0
-20.737399,64.213649,0
-20.737249,64.213786,0
-20.737095,64.213962,0
-20.736936,64.214166,0
-20.736604,64.214557,0
-20.736497,64.214533,0
-20.736129,64.214450,0
-20.735667,64.214364,0
-20.735496,64.214352,0
-20.735210,64.214345,0
-20.734917,64.214355,0
-20.734660,64.214365,0
-20.734446,64.214374,0
-20.734381,64.214379,0
-20.734150,64.214397,0
-20.733992,64.214408,0
-20.733724,64.214427,0
-20.733235,64.214462,0
-20.732774,64.214508,0
-20.732486,64.214545,0
-20.732427,64.214553,0
-20.730956,64.214748,0
-20.730774,64.214784,0
-20.730708,64.214813,0
-20.730657,64.214877,0
-20.730440,64.215149,0
-20.730776,64.215502,0
-20.730788,64.215516,0
-20.730716,64.215602,0
-20.730623,64.215622,0
-20.730479,64.215638,0
-20.730367,64.215642,0
-20.730204,64.215637,0
-20.730090,64.215621,0
-20.730126,64.215574,0
-20.730440,64.215149,0
-20.730708,64.214813,0
-20.730774,64.214784,0
-20.730956,64.214748,0
-20.732427,64.214553,0
-20.732486,64.214545,0
-20.732774,64.214508,0
-20.733235,64.214462,0
-20.733724,64.214427,0
-20.733992,64.214408,0
-20.734150,64.214397,0
-20.734381,64.214379,0
-20.734446,64.214374,0
-20.734660,64.214365,0
-20.734917,64.214355,0
-20.735210,64.214345,0
-20.735496,64.214352,0
-20.735667,64.214364,0
-20.736129,64.214450,0
-20.736497,64.214533,0
-20.736604,64.214557,0
-20.736356,64.214845,0
-20.736188,64.215014,0
-20.736147,64.215064,0
-20.736009,64.215273,0
-20.735974,64.215324,0
-20.735837,64.215536,0
-20.734742,64.216791,0
-20.734255,64.217365,0
-20.734097,64.217544,0
-20.734066,64.217583,0
-20.734028,64.217644,0
-20.733925,64.217857,0
-20.733880,64.217910,0
-20.733818,64.217972,0
-20.733297,64.218558,0
-20.733238,64.218611,0
-20.733117,64.218684,0
-20.732979,64.218778,0
-20.732913,64.218833,0
-20.732824,64.218929,0
-20.732774,64.218979,0
-20.732651,64.219100,0
-20.732478,64.219253,0
-20.732147,64.219520,0
-20.731776,64.219789,0
-20.731428,64.220029,0
-20.730800,64.220447,0
-20.730430,64.220693,0
-20.730194,64.220850,0
-20.729083,64.221582,0
-20.727486,64.222654,0
-20.726145,64.223566,0
-20.722530,64.225904,0
-20.722175,64.226127,0
-20.721296,64.226712,0
-20.715962,64.230258,0
-20.715230,64.230755,0
-20.714667,64.231116,0
-20.713962,64.231526,0
-20.712896,64.232078,0
-20.712397,64.232335,0
-20.711636,64.232725,0
-20.710798,64.233150,0
-20.709323,64.233900,0
-20.705866,64.235622,0
-20.704881,64.236126,0
-20.702509,64.237260,0
-20.701969,64.237495,0
-20.700966,64.237885,0
-20.699962,64.238257,0
-20.698768,64.238700,0
-20.698186,64.238920,0
-20.697864,64.239035,0
-20.697447,64.239181,0
-20.696899,64.239354,0
-20.696654,64.239420,0
-20.696458,64.239473,0
-20.696104,64.239564,0
-20.695730,64.239649,0
-20.695336,64.239726,0
-20.695030,64.239786,0
-20.694867,64.239814,0
-20.694744,64.239835,0
-20.694432,64.239880,0
-20.694024,64.239931,0
-20.693429,64.239991,0
-20.692727,64.240059,0
-20.692540,64.240079,0
-20.691659,64.240152,0
-20.688231,64.240450,0
-20.685950,64.240667,0
-20.685352,64.240714,0
-20.684600,64.240767,0
-20.683701,64.240820,0
-20.683089,64.240851,0
-20.682435,64.240876,0
-20.681732,64.240898,0
-20.680944,64.240915,0
-20.680297,64.240923,0
-20.679907,64.240925,0
-20.679477,64.240928,0
-20.678923,64.240926,0
-20.678196,64.240913,0
-20.676420,64.240879,0
-20.675478,64.240858,0
-20.671868,64.240781,0
-20.670630,64.240754,0
-20.669831,64.240736,0
-20.668906,64.240713,0
-20.668394,64.240676,0
-20.667681,64.240608,0
-20.667449,64.240595,0
-20.666949,64.240534,0
-20.666415,64.240463,0
-20.665886,64.240392,0
-20.665168,64.240261,0
-20.664252,64.240085,0
-20.657173,64.238719,0
-20.655308,64.238362,0
-20.653757,64.238065,0
-20.650964,64.237528,0
-20.649220,64.237169,0
-20.647991,64.236921,0
-20.647839,64.236882,0
-20.646516,64.236670,0
-20.645151,64.236415,0
-20.644156,64.236227,0
-20.643261,64.236022,0
-20.643165,64.236003,0
-20.642792,64.235919,0
-20.642441,64.235832,0
-20.641887,64.235696,0
-20.641451,64.235567,0
-20.640932,64.235409,0
-20.640413,64.235237,0
-20.639950,64.235067,0
-20.639404,64.234822,0
-20.638949,64.234582,0
-20.638564,64.234383,0
-20.638180,64.234179,0
-20.637563,64.233825,0
-20.637523,64.233802,0
-20.637394,64.233714,0
-20.637007,64.233436,0
-20.636128,64.232763,0
-20.635643,64.232415,0
-20.635325,64.232182,0
-20.635098,64.232002,0
-20.634938,64.231854,0
-20.634727,64.231638,0
-20.634569,64.231462,0
-20.634417,64.231287,0
-20.634297,64.231086,0
-20.634190,64.230891,0
-20.634111,64.230700,0
-20.634043,64.230532,0
-20.633990,64.230346,0
-20.633899,64.229933,0
-20.633738,64.228946,0
-20.633580,64.227619,0
-20.633527,64.227341,0
-20.633458,64.227147,0
-20.633364,64.226943,0
-20.633261,64.226775,0
-20.633092,64.226592,0
-20.632950,64.226432,0
-20.632793,64.226283,0
-20.632501,64.226068,0
-20.632251,64.225895,0
-20.631976,64.225743,0
-20.631659,64.225593,0
-20.631407,64.225483,0
-20.631150,64.225379,0
-20.630858,64.225261,0
-20.630756,64.225220,0
-20.630463,64.225127,0
-20.630021,64.225007,0
-20.629876,64.224966,0
-20.629439,64.224860,0
-20.629071,64.224790,0
-20.628694,64.224734,0
-20.628257,64.224679,0
-20.627976,64.224649,0
-20.627533,64.224612,0
-20.627055,64.224581,0
-20.626672,64.224572,0
-20.625647,64.224568,0
-20.625151,64.224573,0
-20.624754,64.224572,0
-20.624362,64.224566,0
-20.624276,64.224561,0
-20.623940,64.224545,0
-20.623585,64.224524,0
-20.623204,64.224483,0
-20.622724,64.224419,0
-20.622325,64.224364,0
-20.621729,64.224247,0
-20.620046,64.223884,0
-20.619391,64.223742,0
-20.618208,64.223479,0
-20.617544,64.223342,0
-20.617048,64.223258,0
-20.616572,64.223193,0
-20.616181,64.223153,0
-20.615745,64.223120,0
-20.614965,64.223088,0
-20.614186,64.223092,0
-20.613624,64.223122,0
-20.613282,64.223158,0
-20.612787,64.223216,0
-20.612234,64.223296,0
-20.611732,64.223393,0
-20.611129,64.223529,0
-20.610569,64.223688,0
-20.606105,64.225084,0
-20.605636,64.225220,0
-20.605167,64.225338,0
-20.604680,64.225438,0
-20.604199,64.225529,0
-20.603451,64.225638,0
-20.602368,64.225744,0
-20.601150,64.225768,0
-20.599895,64.225729,0
-20.596345,64.225487,0
-20.592487,64.225209,0
-20.588618,64.224874,0
-20.586094,64.224735,0
-20.583770,64.224646,0
-20.581860,64.224638,0
-20.579050,64.224769,0
-20.576613,64.225039,0
-20.575155,64.225293,0
-20.574147,64.225527,0
-20.572808,64.225949,0
-20.571863,64.226386,0
-20.571087,64.226805,0
-20.570362,64.227361,0
-20.569542,64.228137,0
-20.568240,64.229270,0
-20.567524,64.229809,0
-20.566269,64.230687,0
-20.565278,64.231311,0
-20.563730,64.232170,0
-20.561174,64.233435,0
-20.555813,64.236363,0
-20.552601,64.238078,0
-20.551651,64.238519,0
-20.550333,64.238964,0
-20.548935,64.239269,0
-20.547961,64.239435,0
-20.547103,64.239538,0
-20.545713,64.239636,0
-20.544518,64.239659,0
-20.543492,64.239674,0
-20.541098,64.239711,0
-20.536875,64.239742,0
-20.536391,64.239746,0
-20.526238,64.239871,0
-20.525542,64.239882,0
-20.524406,64.239884,0
-20.523991,64.239885,0
-20.520420,64.239899,0
-20.518904,64.239946,0
-20.517588,64.240016,0
-20.516948,64.240050,0
-20.517494,64.238591,0
-20.518781,64.235299,0
-20.518851,64.235101,0
-20.520543,64.230553,0
-20.521452,64.228109,0
-20.521699,64.227579,0
-20.521923,64.227146,0
-20.522615,64.225874,0
-20.522802,64.225529,0
-20.522865,64.225310,0
-20.522951,64.224830,0
-20.522992,64.224513,0
-20.523012,64.224355,0
-20.523032,64.223613,0
-20.522951,64.222376,0
-20.522989,64.221778,0
-20.523241,64.220304,0
-20.523262,64.219604,0
-20.523205,64.219230,0
-20.523059,64.218885,0
-20.522786,64.218436,0
-20.522297,64.217859,0
-20.521524,64.217289,0
-20.520580,64.216729,0
-20.519679,64.216356,0
-20.518477,64.215964,0
-20.517382,64.215691,0
-20.517169,64.215637,0
-20.514679,64.215152,0
-20.513285,64.214863,0
-20.512169,64.214592,0
-20.510664,64.214206,0
-20.509267,64.213792,0
-20.507649,64.213282,0
-20.505898,64.212532,0
-20.503280,64.211337,0
-20.502167,64.210735,0
-20.494548,64.206233,0
-20.492309,64.204960,0
-20.491253,64.204315,0
-20.490465,64.203699,0
-20.489985,64.203211,0
-20.489611,64.202716,0
-20.489496,64.202463,0
-20.489397,64.202246,0
-20.489290,64.201850,0
-20.489237,64.201339,0
-20.489277,64.200897,0
-20.489424,64.200438,0
-20.489691,64.199903,0
-20.490132,64.199310,0
-20.490913,64.198596,0
-20.494346,64.195992,0
-20.495261,64.195029,0
-20.495640,64.194555,0
-20.495898,64.194144,0
-20.495929,64.194043,0
-20.496140,64.193364,0
-20.496095,64.192766,0
-20.495282,64.188409,0
-20.495160,64.188027,0
-20.494953,64.187645,0
-20.494569,64.187148,0
-20.493796,64.186475,0
-20.492342,64.185185,0
-20.491126,64.184177,0
-20.490829,64.183918,0
-20.490486,64.183533,0
-20.489988,64.182880,0
-20.489703,64.182369,0
-20.489402,64.181659,0
-20.489301,64.181101,0
-20.489304,64.180636,0
-20.489359,64.180148,0
-20.489486,64.179649,0
-20.490580,64.176471,0
-20.490700,64.176084,0
-20.490685,64.175945,0
-20.490635,64.175841,0
-20.489807,64.175994,0
-20.489287,64.176090,0
-20.488868,64.176163,0
-20.488387,64.176236,0
-20.487905,64.176297,0
-20.487489,64.176340,0
-20.486933,64.176383,0
-20.486235,64.176420,0
-20.485518,64.176438,0
-20.485065,64.176439,0
-20.483991,64.176431,0
-20.481495,64.176377,0
-20.479778,64.176344,0
-20.475371,64.176251,0
-20.469920,64.176163,0
-20.466077,64.176099,0
-20.465239,64.176094,0
-20.464634,64.176100,0
-20.463999,64.176121,0
-20.463269,64.176159,0
-20.462733,64.176198,0
-20.461224,64.176333,0
-20.460072,64.176440,0
-20.458450,64.176581,0
-20.457882,64.176642,0
-20.457436,64.176692,0
-20.456974,64.176757,0
-20.456443,64.176838,0
-20.456065,64.176889,0
-20.455542,64.176972,0
-20.455102,64.177055,0
-20.454724,64.177134,0
-20.454259,64.177246,0
-20.453940,64.177329,0
-20.453602,64.177429,0
-20.453270,64.177536,0
-20.453046,64.177610,0
-20.452981,64.177628,0
-20.452911,64.177640,0
-20.452795,64.177654,0
-20.452672,64.177663,0
-20.452591,64.177654,0
-20.452508,64.177654,0
-20.452384,64.177667,0
-20.452277,64.177698,0
-20.452197,64.177741,0
-20.452154,64.177794,0
-20.452148,64.177830,0
-20.452118,64.177887,0
-20.452077,64.177935,0
-20.451994,64.177991,0
-20.451857,64.178073,0
-20.451587,64.178223,0
-20.449761,64.178907,0
-20.449680,64.178887,0
-20.449045,64.178716,0
-20.448756,64.178638,0
-20.447513,64.178303,0
-20.446843,64.178070,0
-20.445495,64.177621,0
-20.445157,64.177608,0
-20.444768,64.177878,0
-20.444747,64.177892,0
-20.444431,64.177809,0
-20.444747,64.177892,0
-20.445157,64.177608,0
-20.445495,64.177621,0
-20.446843,64.178070,0
-20.447513,64.178303,0
-20.448756,64.178638,0
-20.449045,64.178716,0
-20.449680,64.178887,0
-20.449761,64.178907,0
-20.447656,64.179696,0
-20.444638,64.180826,0
-20.444136,64.181003,0
-20.444069,64.181026,0
-20.443993,64.181043,0
-20.443899,64.181055,0
-20.443801,64.181057,0
-20.443734,64.181050,0
-20.443665,64.181049,0
-20.443552,64.181059,0
-20.443451,64.181084,0
-20.443374,64.181122,0
-20.443328,64.181168,0
-20.443317,64.181201,0
-20.443133,64.181315,0
-20.442967,64.181402,0
-20.442793,64.181483,0
-20.442686,64.181527,0
-20.442549,64.181593,0
-20.441950,64.181807,0
-20.440556,64.182309,0
-20.438531,64.183090,0
-20.438257,64.183163,0
-20.438078,64.183227,0
-20.438048,64.183239,0
-20.437914,64.183294,0
-20.437774,64.183368,0
-20.437696,64.183410,0
-20.434066,64.184781,0
-20.433677,64.184940,0
-20.432882,64.185266,0
-20.432138,64.185586,0
-20.431240,64.185993,0
-20.429167,64.186966,0
-20.428739,64.187154,0
-20.428340,64.187305,0
-20.428029,64.187416,0
-20.427667,64.187524,0
-20.427223,64.187638,0
-20.426827,64.187731,0
-20.426371,64.187815,0
-20.425839,64.187898,0
-20.425271,64.187966,0
-20.418946,64.188755,0
-20.416700,64.189033,0
-20.416005,64.189129,0
-20.415470,64.189213,0
-20.415016,64.189300,0
-20.414183,64.189474,0
-20.411842,64.189980,0
-20.410570,64.190250,0
-20.409890,64.190415,0
-20.409529,64.190513,0
-20.409154,64.190622,0
-20.408830,64.190730,0
-20.408484,64.190852,0
-20.408074,64.191016,0
-20.407696,64.191184,0
-20.407219,64.191422,0
-20.406575,64.191781,0
-20.404796,64.192788,0
-20.402829,64.193900,0
-20.399263,64.195885,0
-20.398166,64.196571,0
-20.397192,64.197252,0
-20.396534,64.197779,0
-20.393501,64.200272,0
-20.391513,64.201867,0
-20.386888,64.205621,0
-20.385090,64.207053,0
-20.381944,64.209332,0
-20.378200,64.212011,0
-20.377323,64.212656,0
-20.376865,64.212974,0
-20.376168,64.213400,0
-20.375768,64.213616,0
-20.375359,64.213809,0
-20.374412,64.214165,0
-20.372525,64.214788,0
-20.370621,64.215390,0
-20.369169,64.215840,0
-20.367845,64.216223,0
-20.366813,64.216493,0
-20.365605,64.216776,0
-20.362393,64.217483,0
-20.358948,64.218227,0
-20.358082,64.218425,0
-20.357490,64.218569,0
-20.356989,64.218707,0
-20.356435,64.218874,0
-20.355924,64.219048,0
-20.355394,64.219244,0
-20.354723,64.219529,0
-20.351631,64.220958,0
-20.348373,64.222430,0
-20.342710,64.225012,0
-20.342194,64.225256,0
-20.341680,64.225534,0
-20.341221,64.225851,0
-20.340830,64.226107,0
-20.340442,64.226434,0
-20.340096,64.226734,0
-20.339631,64.227194,0
-20.339399,64.227508,0
-20.339204,64.227828,0
-20.338015,64.230648,0
-20.335955,64.235549,0
-20.335612,64.236330,0
-20.335175,64.237388,0
-20.335027,64.237747,0
-20.334896,64.238050,0
-20.334693,64.238436,0
-20.334468,64.238763,0
-20.334161,64.239152,0
-20.333859,64.239495,0
-20.333592,64.239785,0
-20.333189,64.240146,0
-20.331654,64.241438,0
-20.326715,64.245600,0
-20.324888,64.247142,0
-20.323128,64.248649,0
-20.322746,64.249043,0
-20.322530,64.249295,0
-20.322365,64.249539,0
-20.322198,64.249820,0
-20.322071,64.250056,0
-20.321962,64.250318,0
-20.321858,64.250604,0
-20.321809,64.250830,0
-20.321781,64.251154,0
-20.321776,64.251436,0
-20.321799,64.251683,0
-20.321859,64.251971,0
-20.321970,64.252317,0
-20.322112,64.252646,0
-20.322274,64.252951,0
-20.322433,64.253189,0
-20.322633,64.253445,0
-20.323129,64.254027,0
-20.323463,64.254364,0
-20.323833,64.254711,0
-20.324161,64.254994,0
-20.324541,64.255275,0
-20.324919,64.255542,0
-20.325340,64.255807,0
-20.325800,64.256078,0
-20.326486,64.256445,0
-20.326916,64.256667,0
-20.335597,64.260694,0
-20.341955,64.263626,0
-20.345675,64.265361,0
-20.347012,64.266008,0
-20.348197,64.266665,0
-20.348866,64.267091,0
-20.356065,64.272188,0
-20.357523,64.273216,0
-20.357600,64.273280,0
-20.356783,64.273478,0
-20.356451,64.273560,0
-20.356058,64.273664,0
-20.355509,64.273836,0
-20.355055,64.273991,0
-20.354477,64.274237,0
-20.353791,64.274569,0
-20.352490,64.275193,0
-20.351597,64.275653,0
-20.351042,64.275947,0
-20.350572,64.276229,0
-20.350008,64.276579,0
-20.349581,64.276870,0
-20.349052,64.277302,0
-20.348505,64.277784,0
-20.345554,64.280520,0
-20.341413,64.284484,0
-20.340803,64.285179,0
-20.340612,64.285409,0
-20.338458,64.288725,0
-20.336078,64.292583,0
-20.333426,64.296765,0
-20.331069,64.300483,0
-20.330932,64.300656,0
-20.330091,64.301724,0
-20.329817,64.302009,0
-20.329502,64.302291,0
-20.329177,64.302547,0
-20.328709,64.302855,0
-20.328251,64.303104,0
-20.327717,64.303386,0
-20.327117,64.303664,0
-20.326804,64.303798,0
-20.326389,64.303967,0
-20.326039,64.304102,0
-20.325629,64.304242,0
-20.325240,64.304364,0
-20.324626,64.304549,0
-20.324002,64.304716,0
-20.321977,64.305193,0
-20.315740,64.306656,0
-20.314754,64.306886,0
-20.312054,64.307514,0
-20.309970,64.308002,0
-20.309879,64.308024,0
-20.309094,64.308215,0
-20.306284,64.308880,0
-20.305521,64.309063,0
-20.304665,64.309263,0
-20.303561,64.309525,0
-20.302788,64.309724,0
-20.301728,64.309995,0
-20.301331,64.310100,0
-20.301062,64.310193,0
-20.300801,64.310295,0
-20.300493,64.310425,0
-20.300282,64.310521,0
-20.300097,64.310615,0
-20.299946,64.310694,0
-20.299381,64.311015,0
-20.299037,64.311210,0
-20.298690,64.311667,0
-20.298177,64.312301,0
-20.297490,64.313149,0
-20.297627,64.313216,0
-20.297570,64.313294,0
-20.297487,64.313410,0
-20.297288,64.313413,0
-20.297390,64.313272,0
-20.297467,64.313177,0
-20.297490,64.313149,0
-20.298690,64.311667,0
-20.298585,64.311620,0
-20.298446,64.311577,0
-20.298314,64.311551,0
-20.298059,64.311656,0
-20.297818,64.311742,0
-20.297617,64.311811,0
-20.297373,64.311877,0
-20.297097,64.311946,0
-20.296809,64.312012,0
-20.296434,64.312089,0
-20.296104,64.312149,0
-20.295678,64.312219,0
-20.294715,64.312343,0
-20.294200,64.312397,0
-20.286944,64.313148,0
-20.285844,64.313259,0
-20.279430,64.313889,0
-20.277752,64.314051,0
-20.275558,64.314232,0
-20.274986,64.314274,0
-20.274544,64.314302,0
-20.274157,64.314320,0
-20.273665,64.314334,0
-20.272633,64.314342,0
-20.271920,64.314337,0
-20.271450,64.314328,0
-20.270910,64.314308,0
-20.270312,64.314277,0
-20.269733,64.314234,0
-20.268455,64.314119,0
-20.266517,64.313931,0
-20.266384,64.313919,0
-20.266319,64.313913,0
-20.264672,64.313735,0
-20.264520,64.313718,0
-20.263725,64.313628,0
-20.262922,64.313542,0
-20.262307,64.313469,0
-20.261793,64.313398,0
-20.261187,64.313310,0
-20.260503,64.313195,0
-20.260016,64.313108,0
-20.259622,64.313029,0
-20.259150,64.312925,0
-20.258441,64.312760,0
-20.256250,64.312215,0
-20.254670,64.311843,0
-20.254176,64.311726,0
-20.253614,64.311601,0
-20.253016,64.311487,0
-20.252843,64.311456,0
-20.252289,64.311355,0
-20.251610,64.311244,0
-20.251303,64.311197,0
-20.250283,64.311054,0
-20.249614,64.310981,0
-20.248892,64.310913,0
-20.247763,64.310823,0
-20.246710,64.310740,0
-20.244353,64.310569,0
-20.239932,64.310228,0
-20.235091,64.309865,0
-20.232682,64.309687,0
-20.230550,64.309524,0
-20.226162,64.309174,0
-20.225277,64.309106,0
-20.222514,64.308907,0
-20.222201,64.308884,0
-20.213251,64.308229,0
-20.211705,64.308113,0
-20.204336,64.307549,0
-20.198305,64.307086,0
-20.196578,64.306954,0
-20.194809,64.306798,0
-20.192362,64.306566,0
-20.189785,64.306307,0
-20.187312,64.306056,0
-20.183821,64.305741,0
-20.182897,64.305671,0
-20.182140,64.305624,0
-20.181416,64.305587,0
-20.180607,64.305572,0
-20.179096,64.305565,0
-20.175065,64.305577,0
-20.172148,64.305587,0
-20.171366,64.305607,0
-20.170416,64.305651,0
-20.169624,64.305709,0
-20.169012,64.305770,0
-20.168503,64.305836,0
-20.167957,64.305920,0
-20.167333,64.306049,0
-20.166501,64.306255,0
-20.165947,64.306420,0
-20.165372,64.306642,0
-20.164934,64.306831,0
-20.164628,64.306985,0
-20.164244,64.307170,0
-20.162710,64.307990,0
-20.161667,64.308531,0
-20.158621,64.310151,0
-20.153396,64.312892,0
-20.152024,64.313615,0
-20.151244,64.314008,0
-20.150507,64.314410,0
-20.150091,64.314637,0
-20.148334,64.315593,0
-20.148165,64.315688,0
-20.148033,64.315763,0
-20.147824,64.315861,0
-20.147628,64.315950,0
-20.147388,64.316042,0
-20.147165,64.316127,0
-20.146874,64.316221,0
-20.146607,64.316302,0
-20.146276,64.316392,0
-20.145887,64.316480,0
-20.145222,64.316632,0
-20.144204,64.316858,0
-20.142072,64.317327,0
-20.141200,64.317536,0
-20.140734,64.317659,0
-20.140278,64.317782,0
-20.139953,64.317893,0
-20.139757,64.317967,0
-20.139495,64.318068,0
-20.139257,64.318172,0
-20.139007,64.318295,0
-20.138723,64.318447,0
-20.138410,64.318644,0
-20.138051,64.318887,0
-20.137709,64.319091,0
-20.137395,64.319253,0
-20.137111,64.319406,0
-20.136842,64.319537,0
-20.136540,64.319664,0
-20.135398,64.320115,0
-20.135282,64.320170,0
-20.135188,64.320231,0
-20.135036,64.320330,0
-20.134918,64.320423,0
-20.134797,64.320535,0
-20.134719,64.320640,0
-20.134678,64.320781,0
-20.134661,64.320910,0
-20.134661,64.321063,0
-20.134675,64.321218,0
-20.134691,64.321389,0
-20.134711,64.321713,0
-20.134688,64.322170,0
-20.134624,64.322465,0
-20.134533,64.322751,0
-20.134384,64.323073,0
-20.134174,64.323350,0
-20.133543,64.323979,0
-20.133141,64.324348,0
-20.132548,64.324808,0
-20.131042,64.325947,0
-20.130912,64.325906,0
-20.130738,64.325856,0
-20.132051,64.324899,0
-20.132306,64.324866,0
-20.132548,64.324808,0
-20.133141,64.324348,0
-20.133543,64.323979,0
-20.134174,64.323350,0
-20.134384,64.323073,0
-20.134533,64.322751,0
-20.134624,64.322465,0
-20.134688,64.322170,0
-20.134711,64.321713,0
-20.134691,64.321389,0
-20.134675,64.321218,0
-20.134661,64.321063,0
-20.134661,64.320910,0
-20.134678,64.320781,0
-20.134719,64.320640,0
-20.134797,64.320535,0
-20.134918,64.320423,0
-20.135036,64.320330,0
-20.135188,64.320231,0
-20.135282,64.320170,0
-20.135398,64.320115,0
-20.136540,64.319664,0
-20.136842,64.319537,0
-20.137111,64.319406,0
-20.137395,64.319253,0
-20.137709,64.319091,0
-20.138051,64.318887,0
-20.138410,64.318644,0
-20.138723,64.318447,0
-20.139007,64.318295,0
-20.139257,64.318172,0
-20.139495,64.318068,0
-20.139757,64.317967,0
-20.139953,64.317893,0
-20.140278,64.317782,0
-20.140734,64.317659,0
-20.141200,64.317536,0
-20.142072,64.317327,0
-20.144204,64.316858,0
-20.145222,64.316632,0
-20.145887,64.316480,0
-20.146276,64.316392,0
-20.146607,64.316302,0
-20.146874,64.316221,0
-20.147165,64.316127,0
-20.147388,64.316042,0
-20.147628,64.315950,0
-20.147824,64.315861,0
-20.148033,64.315763,0
-20.148165,64.315688,0
-20.148334,64.315593,0
-20.150507,64.314410,0
-20.151244,64.314008,0
-20.152024,64.313615,0
-20.153396,64.312892,0
-20.158621,64.310151,0
-20.161667,64.308531,0
-20.162710,64.307990,0
-20.164244,64.307170,0
-20.164628,64.306985,0
-20.164934,64.306831,0
-20.165372,64.306642,0
-20.165947,64.306420,0
-20.166501,64.306255,0
-20.167333,64.306049,0
-20.167957,64.305920,0
-20.168503,64.305836,0
-20.169012,64.305770,0
-20.169624,64.305709,0
-20.170416,64.305651,0
-20.171366,64.305607,0
-20.172148,64.305587,0
-20.175065,64.305577,0
-20.179096,64.305565,0
-20.180607,64.305572,0
-20.181416,64.305587,0
-20.182140,64.305624,0
-20.182897,64.305671,0
-20.183821,64.305741,0
-20.187312,64.306056,0
-20.189785,64.306307,0
-20.192362,64.306566,0
-20.194809,64.306798,0
-20.196578,64.306954,0
-20.198305,64.307086,0
-20.204336,64.307549,0
-20.211705,64.308113,0
-20.213251,64.308229,0
-20.222201,64.308884,0
-20.222514,64.308907,0
-20.225277,64.309106,0
-20.226162,64.309174,0
-20.230550,64.309524,0
-20.232682,64.309687,0
-20.232930,64.309132,0
-20.233050,64.308946,0
-20.233183,64.308792,0
-20.233487,64.308499,0
-20.233768,64.308331,0
-20.234116,64.308178,0
-20.234973,64.307854,0
-20.238018,64.306690,0
-20.239858,64.306019,0
-20.240112,64.305914,0
-20.240502,64.305723,0
-20.240887,64.305522,0
-20.241152,64.305381,0
-20.241406,64.305210,0
-20.241815,64.304881,0
-20.242108,64.304564,0
-20.242348,64.304235,0
-20.242487,64.303961,0
-20.242588,64.303611,0
-20.242971,64.300338,0
-20.242981,64.299772,0
-20.242949,64.299484,0
-20.242907,64.299249,0
-20.242837,64.299046,0
-20.242704,64.298748,0
-20.242543,64.298486,0
-20.242360,64.298247,0
-20.242152,64.298029,0
-20.241834,64.297755,0
-20.241480,64.297521,0
-20.241125,64.297298,0
-20.239179,64.296281,0
-20.238556,64.295916,0
-20.237957,64.295502,0
-20.237396,64.295021,0
-20.237111,64.294752,0
-20.236846,64.294454,0
-20.236294,64.293720,0
-20.236011,64.293327,0
-20.235310,64.292467,0
-20.235182,64.292323,0
-20.234787,64.291967,0
-20.234251,64.291552,0
-20.233591,64.291131,0
-20.231658,64.289997,0
-20.229614,64.288799,0
-20.228218,64.287951,0
-20.226282,64.286845,0
-20.225991,64.286646,0
-20.225762,64.286453,0
-20.225595,64.286277,0
-20.225484,64.286131,0
-20.225370,64.285938,0
-20.225273,64.285754,0
-20.225146,64.285401,0
-20.225091,64.285214,0
-20.225063,64.285071,0
-20.225075,64.284935,0
-20.225198,64.284535,0
-20.225265,64.284358,0
-20.225584,64.283819,0
-20.225770,64.283444,0
-20.225837,64.283261,0
-20.225883,64.283034,0
-20.225910,64.282741,0
-20.225908,64.282517,0
-20.225895,64.282255,0
-20.225891,64.282193,0
-20.225798,64.280398,0
-20.225730,64.279100,0
-20.225742,64.278844,0
-20.225768,64.278572,0
-20.225806,64.278366,0
-20.225908,64.277992,0
-20.226051,64.277653,0
-20.226257,64.277273,0
-20.226426,64.276974,0
-20.226595,64.276683,0
-20.226655,64.276571,0
-20.226700,64.276447,0
-20.226764,64.276265,0
-20.226796,64.276120,0
-20.226828,64.275928,0
-20.226825,64.275571,0
-20.226827,64.275502,0
-20.227568,64.275511,0
-20.228333,64.275553,0
-20.228963,64.275580,0
-20.229491,64.275575,0
-20.230009,64.275539,0
-20.230682,64.275497,0
-20.232270,64.275343,0
-20.234386,64.275142,0
-20.235719,64.275002,0
-20.238863,64.274694,0
-20.241521,64.274432,0
-20.243959,64.274183,0
-20.245314,64.274065,0
-20.247186,64.273880,0
-20.248916,64.273711,0
-20.250160,64.273585,0
-20.252641,64.273335,0
-20.253940,64.273205,0
-20.254490,64.273151,0
-20.255101,64.273071,0
-20.255908,64.272917,0
-20.256169,64.272850,0
-20.257158,64.272575,0
-20.258092,64.272234,0
-20.258840,64.271896,0
-20.259618,64.271407,0
-20.260157,64.270910,0
-20.261372,64.269828,0
-20.262018,64.269335,0
-20.262762,64.268970,0
-20.263126,64.268806,0
-20.263558,64.268650,0
-20.263977,64.268528,0
-20.264642,64.268351,0
-20.265263,64.268161,0
-20.266308,64.267805,0
-20.268352,64.267095,0
-20.269464,64.266716,0
-20.271723,64.265926,0
-20.273732,64.265090,0
-20.276194,64.263996,0
-20.278632,64.262918,0
-20.279559,64.262377,0
-20.280229,64.261878,0
-20.280718,64.261363,0
-20.281078,64.260804,0
-20.281602,64.259787,0
-20.282186,64.258668,0
-20.282992,64.257088,0
-20.283713,64.255757,0
-20.284091,64.255216,0
-20.284597,64.254750,0
-20.285284,64.254303,0
-20.286263,64.253848,0
-20.286886,64.253605,0
-20.289983,64.252442,0
-20.294261,64.250793,0
-20.301949,64.247845,0
-20.302531,64.247627,0
-20.305299,64.246590,0
-20.308217,64.245448,0
-20.310731,64.244495,0
-20.311902,64.244073,0
-20.313761,64.243322,0
-20.314845,64.242910,0
-20.316979,64.242084,0
-20.318473,64.241472,0
-20.319354,64.240993,0
-20.321283,64.239847,0
-20.322976,64.238786,0
-20.324436,64.237695,0
-20.325761,64.236602,0
-20.327295,64.235279,0
-20.327753,64.234704,0
-20.328258,64.233985,0
-20.328662,64.233485,0
-20.329076,64.233106,0
-20.329961,64.232628,0
-20.330863,64.232048,0
-20.331325,64.231800,0
-20.331482,64.231751,0
-20.331817,64.231722,0
-20.333041,64.231578,0
-20.333697,64.231537,0
-20.333805,64.231527,0
-20.333904,64.231500,0
-20.333998,64.231405,0
-20.334182,64.231262,0
-20.334464,64.231073,0
-20.334679,64.230946,0
-20.334741,64.230913,0
-20.334950,64.230800,0
-20.335127,64.230701,0
-20.335282,64.230628,0
-20.335402,64.230590,0
-20.335715,64.230528,0
-20.336072,64.230492,0
-20.336404,64.230496,0
-20.336821,64.230538,0
-20.338015,64.230648,0
-20.339204,64.227828,0
-20.339399,64.227508,0
-20.339631,64.227194,0
-20.340096,64.226734,0
-20.340442,64.226434,0
-20.340830,64.226107,0
-20.341221,64.225851,0
-20.341680,64.225534,0
-20.342194,64.225256,0
-20.342710,64.225012,0
-20.348373,64.222430,0
-20.351631,64.220958,0
-20.354723,64.219529,0
-20.355394,64.219244,0
-20.355924,64.219048,0
-20.356435,64.218874,0
-20.356989,64.218707,0
-20.357490,64.218569,0
-20.358082,64.218425,0
-20.358948,64.218227,0
-20.362393,64.217483,0
-20.365605,64.216776,0
-20.366813,64.216493,0
-20.367845,64.216223,0
-20.369169,64.215840,0
-20.370621,64.215390,0
-20.372525,64.214788,0
-20.374412,64.214165,0
-20.375359,64.213809,0
-20.375768,64.213616,0
-20.376168,64.213400,0
-20.376865,64.212974,0
-20.377323,64.212656,0
-20.378200,64.212011,0
-20.381944,64.209332,0
-20.385090,64.207053,0
-20.386888,64.205621,0
-20.391513,64.201867,0
-20.393501,64.200272,0
-20.396534,64.197779,0
-20.397192,64.197252,0
-20.398166,64.196571,0
-20.399263,64.195885,0
-20.402829,64.193900,0
-20.404796,64.192788,0
-20.406575,64.191781,0
-20.407219,64.191422,0
-20.407696,64.191184,0
-20.408074,64.191016,0
-20.408484,64.190852,0
-20.408830,64.190730,0
-20.409154,64.190622,0
-20.409529,64.190513,0
-20.409890,64.190415,0
-20.410570,64.190250,0
-20.411842,64.189980,0
-20.414183,64.189474,0
-20.415016,64.189300,0
-20.415470,64.189213,0
-20.416005,64.189129,0
-20.416700,64.189033,0
-20.418946,64.188755,0
-20.425271,64.187966,0
-20.425839,64.187898,0
-20.426371,64.187815,0
-20.426827,64.187731,0
-20.427223,64.187638,0
-20.427667,64.187524,0
-20.428029,64.187416,0
-20.428340,64.187305,0
-20.428739,64.187154,0
-20.429167,64.186966,0
-20.431240,64.185993,0
-20.432138,64.185586,0
-20.432882,64.185266,0
-20.433677,64.184940,0
-20.434066,64.184781,0
-20.437696,64.183410,0
-20.437804,64.183380,0
-20.437962,64.183336,0
-20.438128,64.183278,0
-20.438187,64.183257,0
-20.438232,64.183239,0
-20.438324,64.183200,0
-20.438531,64.183090,0
-20.440556,64.182309,0
-20.441950,64.181807,0
-20.442549,64.181593,0
-20.442741,64.181549,0
-20.442933,64.181484,0
-20.443097,64.181421,0
-20.443233,64.181378,0
-20.443342,64.181358,0
-20.443432,64.181352,0
-20.443534,64.181352,0
-20.443582,64.181360,0
-20.443677,64.181366,0
-20.443773,64.181361,0
-20.443862,64.181345,0
-20.443939,64.181319,0
-20.443997,64.181286,0
-20.444029,64.181253,0
-20.444044,64.181219,0
-20.444106,64.181158,0
-20.444186,64.181087,0
-20.444291,64.181013,0
-20.444638,64.180826,0
-20.447656,64.179696,0
-20.449761,64.178907,0
-20.451587,64.178223,0
-20.451930,64.178115,0
-20.452081,64.178060,0
-20.452233,64.178020,0
-20.452344,64.178005,0
-20.452468,64.177994,0
-20.452538,64.177997,0
-20.452609,64.177994,0
-20.452715,64.177979,0
-20.452807,64.177952,0
-20.452878,64.177915,0
-20.452922,64.177871,0
-20.452934,64.177844,0
-20.452936,64.177817,0
-20.453011,64.177759,0
-20.453151,64.177680,0
-20.453246,64.177635,0
-20.453474,64.177562,0
-20.453964,64.177413,0
-20.454399,64.177291,0
-20.454919,64.177164,0
-20.455539,64.177028,0
-20.456087,64.176921,0
-20.456443,64.176838,0
-20.456974,64.176757,0
-20.457436,64.176692,0
-20.457882,64.176642,0
-20.458450,64.176581,0
-20.460072,64.176440,0
-20.461224,64.176333,0
-20.462733,64.176198,0
-20.463269,64.176159,0
-20.463999,64.176121,0
-20.464634,64.176100,0
-20.465239,64.176094,0
-20.466077,64.176099,0
-20.469920,64.176163,0
-20.475371,64.176251,0
-20.479778,64.176344,0
-20.481495,64.176377,0
-20.483991,64.176431,0
-20.485065,64.176439,0
-20.485518,64.176438,0
-20.486235,64.176420,0
-20.486933,64.176383,0
-20.487489,64.176340,0
-20.487905,64.176297,0
-20.488387,64.176236,0
-20.488868,64.176163,0
-20.489287,64.176090,0
-20.489807,64.175994,0
-20.490635,64.175841,0
-20.493201,64.175391,0
-20.495771,64.174922,0
-20.499533,64.174240,0
-20.500700,64.174006,0
-20.501193,64.173889,0
-20.501555,64.173788,0
-20.502344,64.173547,0
-20.505287,64.172632,0
-20.509370,64.171346,0
-20.510053,64.171121,0
-20.510508,64.170948,0
-20.510925,64.170772,0
-20.512845,64.169900,0
-20.514702,64.169042,0
-20.517456,64.167811,0
-20.525627,64.164086,0
-20.529048,64.162552,0
-20.530242,64.161988,0
-20.530613,64.161806,0
-20.531012,64.161577,0
-20.531772,64.161093,0
-20.537540,64.157447,0
-20.538117,64.157113,0
-20.538563,64.156880,0
-20.538887,64.156740,0
-20.539536,64.156495,0
-20.540319,64.156248,0
-20.540797,64.156114,0
-20.541226,64.156016,0
-20.541739,64.155913,0
-20.542580,64.155776,0
-20.544216,64.155513,0
-20.544848,64.155413,0
-20.545486,64.155303,0
-20.546141,64.155165,0
-20.546650,64.155036,0
-20.547196,64.154894,0
-20.547653,64.154755,0
-20.548143,64.154576,0
-20.548641,64.154375,0
-20.549311,64.154064,0
-20.549646,64.153872,0
-20.550086,64.153598,0
-20.550347,64.153400,0
-20.550585,64.153198,0
-20.550802,64.152999,0
-20.551019,64.152767,0
-20.551231,64.152476,0
-20.551385,64.152214,0
-20.551544,64.151829,0
-20.551633,64.151477,0
-20.551653,64.151135,0
-20.551642,64.150868,0
-20.551564,64.150581,0
-20.551426,64.150252,0
-20.551281,64.149865,0
-20.551217,64.149667,0
-20.551180,64.149440,0
-20.551181,64.149127,0
-20.551253,64.148810,0
-20.551365,64.148541,0
-20.551516,64.148293,0
-20.551800,64.147925,0
-20.552032,64.147686,0
-20.552234,64.147513,0
-20.552496,64.147320,0
-20.552791,64.147133,0
-20.553213,64.146897,0
-20.553916,64.146533,0
-20.555055,64.145969,0
-20.555380,64.145799,0
-20.555130,64.145677,0
-20.554870,64.145564,0
-20.554505,64.145386,0
-20.554143,64.145178,0
-20.553746,64.144845,0
-20.553489,64.144526,0
-20.553384,64.144246,0
-20.553213,64.143668,0
-20.553143,64.143244,0
-20.552840,64.142523,0
-20.552512,64.141908,0
-20.552201,64.141482,0
-20.551955,64.141190,0
-20.551837,64.141059,0
-20.551450,64.140677,0
-20.550839,64.140130,0
-20.550265,64.139702,0
-20.549406,64.139163,0
-20.548521,64.138670,0
-20.547448,64.138174,0
-20.546306,64.137713,0
-20.544589,64.137114,0
-20.542694,64.136452,0
-20.540915,64.135850,0
-20.539674,64.135363,0
-20.537873,64.134593,0
-20.534917,64.133304,0
-20.534080,64.132974,0
-20.532138,64.132265,0
-20.530985,64.131916,0
-20.530245,64.131701,0
-20.529327,64.131455,0
-20.528190,64.131219,0
-20.525970,64.130727,0
-20.523888,64.130371,0
-20.522134,64.129957,0
-20.521426,64.129744,0
-20.520610,64.129477,0
-20.519795,64.129173,0
-20.519076,64.128885,0
-20.518545,64.128651,0
-20.518062,64.128403,0
-20.517204,64.127892,0
-20.515637,64.126851,0
-20.515069,64.126469,0
-20.513926,64.125809,0
-20.513068,64.125369,0
-20.512392,64.125083,0
-20.511620,64.124798,0
-20.508351,64.123617,0
-20.507508,64.123288,0
-20.506636,64.122851,0
-20.505744,64.122357,0
-20.505246,64.122030,0
-20.505024,64.121850,0
-20.504595,64.121474,0
-20.504260,64.121171,0
-20.503852,64.120794,0
-20.502354,64.119257,0
-20.502179,64.119074,0
-20.502014,64.118911,0
-20.500850,64.117697,0
-20.500766,64.117599,0
-20.500169,64.116931,0
-20.500007,64.116710,0
-20.499901,64.116515,0
-20.499840,64.116329,0
-20.499812,64.116155,0
-20.499815,64.115978,0
-20.499839,64.115840,0
-20.499878,64.115665,0
-20.499948,64.115479,0
-20.500069,64.115278,0
-20.500244,64.115059,0
-20.500281,64.115020,0
-20.500311,64.114988,0
-20.500370,64.114925,0
-20.500502,64.114814,0
-20.500640,64.114706,0
-20.501004,64.114450,0
-20.501462,64.114167,0
-20.501803,64.113980,0
-20.502746,64.113458,0
-20.503396,64.113175,0
-20.504046,64.112919,0
-20.505291,64.112457,0
-20.505601,64.112341,0
-20.505910,64.112477,0
-20.506607,64.112784,0
-20.506607,64.112784,0
-20.505910,64.112477,0
-20.505601,64.112341,0
-20.506028,64.112183,0
-20.506114,64.112152,0
-20.506613,64.111971,0
-20.506918,64.111854,0
-20.507258,64.111723,0
-20.507769,64.111561,0
-20.507961,64.111515,0
-20.508631,64.111353,0
-20.511926,64.110590,0
-20.512275,64.110508,0
-20.513608,64.110196,0
-20.514266,64.110018,0
-20.514694,64.109877,0
-20.515106,64.109714,0
-20.515547,64.109487,0
-20.516700,64.108957,0
-20.517650,64.108461,0
-20.518018,64.108269,0
-20.518867,64.107773,0
-20.519231,64.107501,0
-20.519705,64.106971,0
-20.519992,64.106330,0
-20.520156,64.105841,0
-20.520345,64.105231,0
-20.520488,64.104497,0
-20.520423,64.103612,0
-20.520625,64.102265,0
-20.521068,64.100626,0
-20.521028,64.100077,0
-20.520803,64.099516,0
-20.520396,64.098968,0
-20.519924,64.098512,0
-20.519007,64.097989,0
-20.518473,64.097678,0
-20.517750,64.097374,0
-20.515702,64.096617,0
-20.513618,64.095889,0
-20.511805,64.095000,0
-20.510721,64.094364,0
-20.509940,64.093847,0
-20.508694,64.092851,0
-20.508324,64.092559,0
-20.507305,64.091904,0
-20.506122,64.091202,0
-20.502662,64.089212,0
-20.498614,64.086855,0
-20.494419,64.084448,0
-20.492164,64.083150,0
-20.479285,64.075522,0
-20.478220,64.075084,0
-20.473204,64.072152,0
-20.467530,64.068726,0
-20.465307,64.067487,0
-20.464100,64.066542,0
-20.462573,64.065512,0
-20.461896,64.065039,0
-20.461454,64.064685,0
-20.461012,64.064301,0
-20.458989,64.062277,0
-20.456530,64.059764,0
-20.455484,64.058704,0
-20.454385,64.057670,0
-20.453857,64.056841,0
-20.445053,64.047640,0
-20.442521,64.044949,0
-20.441098,64.043409,0
-20.439925,64.042222,0
-20.438876,64.041345,0
-20.437975,64.040760,0
-20.436874,64.040147,0
-20.436122,64.039781,0
-20.438263,64.038839,0
-20.439145,64.038512,0
-20.440176,64.038162,0
-20.441324,64.037801,0
-20.442474,64.037463,0
-20.445769,64.036517,0
-20.451613,64.034838,0
-20.452777,64.034523,0
-20.453453,64.034347,0
-20.454451,64.034107,0
-20.455322,64.033933,0
-20.456320,64.033753,0
-20.457327,64.033591,0
-20.458182,64.033473,0
-20.459331,64.033325,0
-20.472565,64.031736,0
-20.472970,64.031687,0
-20.495220,64.028960,0
-20.496817,64.028758,0
-20.497960,64.028602,0
-20.498977,64.028440,0
-20.500199,64.028224,0
-20.501009,64.028078,0
-20.503682,64.027580,0
-20.511109,64.026182,0
-20.512165,64.025972,0
-20.512667,64.025872,0
-20.514276,64.025513,0
-20.514472,64.025469,0
-20.515530,64.025203,0
-20.516869,64.024842,0
-20.519808,64.023995,0
-20.521385,64.023539,0
-20.521792,64.023422,0
-20.522281,64.023258,0
-20.522662,64.023103,0
-20.522973,64.022951,0
-20.523394,64.022733,0
-20.523890,64.022445,0
-20.524394,64.022095,0
-20.524794,64.021749,0
-20.525091,64.021460,0
-20.526376,64.020140,0
-20.529443,64.016887,0
-20.530455,64.015759,0
-20.530742,64.015397,0
-20.531483,64.014532,0
-20.531762,64.014243,0
-20.532141,64.013922,0
-20.532509,64.013657,0
-20.533243,64.013172,0
-20.534154,64.012623,0
-20.535013,64.012137,0
-20.536245,64.011414,0
-20.537746,64.010554,0
-20.538833,64.009914,0
-20.539459,64.009511,0
-20.540000,64.009134,0
-20.540956,64.008450,0
-20.545470,64.005183,0
-20.547725,64.003497,0
-20.549327,64.002333,0
-20.552934,63.999736,0
-20.555644,63.997791,0
-20.556132,63.997436,0
-20.556493,63.997156,0
-20.556855,63.996834,0
-20.557205,63.996453,0
-20.558003,63.995400,0
-20.561528,63.990757,0
-20.561741,63.990489,0
-20.561929,63.990274,0
-20.562108,63.990108,0
-20.562430,63.989854,0
-20.562964,63.989515,0
-20.563402,63.989272,0
-20.563865,63.989051,0
-20.564357,63.988832,0
-20.574204,63.984727,0
-20.578351,63.983001,0
-20.587895,63.979039,0
-20.588554,63.978798,0
-20.597000,63.976240,0
-20.598961,63.975658,0
-20.600801,63.975050,0
-20.602520,63.974430,0
-20.603279,63.974128,0
-20.604236,63.973747,0
-20.606070,63.972978,0
-20.607845,63.972170,0
-20.609553,63.971418,0
-20.613244,63.969784,0
-20.613915,63.969509,0
-20.614382,63.969337,0
-20.615390,63.968964,0
-20.616452,63.968574,0
-20.617346,63.968278,0
-20.621276,63.967078,0
-20.626556,63.965481,0
-20.629176,63.964680,0
-20.633399,63.963404,0
-20.633797,63.963297,0
-20.634408,63.963148,0
-20.634959,63.963034,0
-20.635753,63.962893,0
-20.636504,63.962777,0
-20.637222,63.962693,0
-20.637860,63.962639,0
-20.638359,63.962607,0
-20.639230,63.962569,0
-20.639888,63.962554,0
-20.641237,63.962534,0
-20.648939,63.962439,0
-20.650937,63.962412,0
-20.651932,63.962387,0
-20.652737,63.962352,0
-20.653703,63.962295,0
-20.654546,63.962228,0
-20.655280,63.962158,0
-20.655986,63.962083,0
-20.656878,63.961967,0
-20.657851,63.961814,0
-20.658559,63.961692,0
-20.659276,63.961553,0
-20.660102,63.961376,0
-20.660715,63.961237,0
-20.661541,63.961019,0
-20.662756,63.960640,0
-20.665057,63.959881,0
-20.666160,63.959509,0
-20.666939,63.959285,0
-20.667401,63.959166,0
-20.667863,63.959060,0
-20.669466,63.958735,0
-20.674120,63.957792,0
-20.674930,63.957615,0
-20.675659,63.957430,0
-20.676431,63.957220,0
-20.679052,63.956436,0
-20.680034,63.956141,0
-20.680814,63.955921,0
-20.681748,63.955675,0
-20.682621,63.955476,0
-20.683514,63.955295,0
-20.684394,63.955132,0
-20.685142,63.955010,0
-20.685914,63.954894,0
-20.686620,63.954793,0
-20.687305,63.954710,0
-20.688068,63.954622,0
-20.688941,63.954534,0
-20.689791,63.954461,0
-20.690566,63.954405,0
-20.696243,63.954057,0
-20.696555,63.954032,0
-20.696752,63.954012,0
-20.696972,63.953985,0
-20.697212,63.953943,0
-20.697501,63.953877,0
-20.697706,63.953816,0
-20.697872,63.953753,0
-20.698033,63.953668,0
-20.698150,63.953569,0
-20.698239,63.953436,0
-20.698427,63.953268,0
-20.698576,63.953096,0
-20.698651,63.952987,0
-20.698365,63.952987,0
-20.697475,63.952990,0
-20.696968,63.952986,0
-20.696535,63.952973,0
-20.696034,63.952940,0
-20.695154,63.952860,0
-20.694321,63.952749,0
-20.693655,63.952646,0
-20.693025,63.952526,0
-20.692568,63.952422,0
-20.691871,63.952237,0
-20.691143,63.952002,0
-20.690737,63.951849,0
-20.690421,63.951712,0
-20.689163,63.951056,0
-20.688862,63.950861,0
-20.687862,63.950211,0
-20.685397,63.948624,0
-20.683973,63.947780,0
-20.682745,63.947085,0
-20.680393,63.945840,0
-20.677835,63.944557,0
-20.676506,63.943914,0
-20.675246,63.943287,0
-20.674666,63.942959,0
-20.674091,63.942610,0
-20.673561,63.942251,0
-20.673024,63.941857,0
-20.672753,63.941630,0
-20.672480,63.941379,0
-20.671895,63.940842,0
-20.671682,63.940614,0
-20.671297,63.940148,0
-20.670946,63.939660,0
-20.670646,63.939143,0
-20.670407,63.938578,0
-20.669992,63.937112,0
-20.669867,63.936658,0
-20.669732,63.936211,0
-20.669502,63.935577,0
-20.669374,63.935247,0
-20.669239,63.934935,0
-20.668927,63.934315,0
-20.668629,63.933819,0
-20.668402,63.933483,0
-20.668176,63.933164,0
-20.667801,63.932646,0
-20.667123,63.931890,0
-20.666360,63.931053,0
-20.665555,63.930234,0
-20.665037,63.929696,0
-20.664257,63.928850,0
-20.663965,63.928536,0
-20.663009,63.927536,0
-20.662588,63.927100,0
-20.662184,63.926719,0
-20.661755,63.926337,0
-20.661325,63.925972,0
-20.660716,63.925475,0
-20.659875,63.924849,0
-20.659330,63.924468,0
-20.658704,63.924052,0
-20.657443,63.923310,0
-20.656165,63.922627,0
-20.654924,63.922034,0
-20.653575,63.921423,0
-20.650766,63.920316,0
-20.648916,63.919699,0
-20.647156,63.919165,0
-20.646262,63.918902,0
-20.644663,63.918498,0
-20.643473,63.918223,0
-20.642946,63.918120,0
-20.638833,63.917318,0
-20.638230,63.917210,0
-20.631444,63.915995,0
-20.614801,63.913092,0
-20.609898,63.912233,0
-20.605929,63.911572,0
-20.602132,63.910934,0
-20.600388,63.910572,0
-20.599020,63.910198,0
-20.598322,63.909972,0
-20.597645,63.909749,0
-20.596891,63.909447,0
-20.595727,63.908886,0
-20.594485,63.908115,0
-20.593047,63.907011,0
-20.591513,63.905828,0
-20.591174,63.905510,0
-20.590820,63.905083,0
-20.590569,63.904645,0
-20.590421,63.904232,0
-20.589843,63.902589,0
-20.589697,63.902246,0
-20.589562,63.902003,0
-20.589325,63.901689,0
-20.588693,63.901111,0
-20.588091,63.900759,0
-20.587361,63.900415,0
-20.586644,63.900148,0
-20.585885,63.899935,0
-20.584861,63.899679,0
-20.583771,63.899450,0
-20.579338,63.898422,0
-20.578785,63.898289,0
-20.576010,63.897686,0
-20.573867,63.897185,0
-20.571003,63.896540,0
-20.569489,63.896196,0
-20.568739,63.896030,0
-20.565249,63.895242,0
-20.562259,63.894564,0
-20.559230,63.893912,0
-20.555905,63.893150,0
-20.553388,63.892599,0
-20.550905,63.892096,0
-20.550007,63.891939,0
-20.548646,63.891730,0
-20.545485,63.891244,0
-20.542617,63.890865,0
-20.541102,63.890642,0
-20.539547,63.890392,0
-20.538283,63.890163,0
-20.537184,63.889950,0
-20.535808,63.889640,0
-20.533752,63.889159,0
-20.532752,63.888885,0
-20.532147,63.888712,0
-20.530607,63.888255,0
-20.522153,63.885593,0
-20.513063,63.882708,0
-20.509851,63.881697,0
-20.507982,63.881092,0
-20.503436,63.879616,0
-20.503241,63.879532,0
-20.502936,63.879412,0
-20.502721,63.879321,0
-20.502572,63.879246,0
-20.502473,63.879164,0
-20.502479,63.879136,0
-20.502474,63.879108,0
-20.502458,63.879081,0
-20.502432,63.879055,0
-20.502395,63.879032,0
-20.502316,63.879000,0
-20.502219,63.878980,0
-20.502114,63.878973,0
-20.502058,63.878975,0
-20.502003,63.878980,0
-20.501951,63.878989,0
-20.501903,63.879002,0
-20.501656,63.878971,0
-20.501371,63.878923,0
-20.501106,63.878862,0
-20.500731,63.878779,0
-20.500539,63.878715,0
-20.499909,63.878514,0
-20.495286,63.877058,0
-20.484152,63.873521,0
-20.474812,63.870575,0
-20.471632,63.869534,0
-20.467291,63.868180,0
-20.467007,63.868097,0
-20.466678,63.868003,0
-20.466340,63.867914,0
-20.466000,63.867828,0
-20.465650,63.867750,0
-20.465293,63.867679,0
-20.464559,63.867558,0
-20.463799,63.867466,0
-20.463050,63.867405,0
-20.462096,63.867360,0
-20.459764,63.867310,0
-20.455236,63.867216,0
-20.452493,63.867158,0
-20.451670,63.867115,0
-20.450793,63.867043,0
-20.450147,63.866966,0
-20.449508,63.866865,0
-20.448587,63.866695,0
-20.447967,63.866557,0
-20.447225,63.866361,0
-20.446554,63.866159,0
-20.446059,63.865989,0
-20.445493,63.865776,0
-20.444963,63.865545,0
-20.444505,63.865323,0
-20.444050,63.865070,0
-20.443716,63.864871,0
-20.443181,63.864521,0
-20.442795,63.864255,0
-20.442386,63.863984,0
-20.442131,63.863813,0
-20.440043,63.862437,0
-20.439228,63.861893,0
-20.439049,63.861773,0
-20.437632,63.860843,0
-20.435135,63.859178,0
-20.432625,63.857533,0
-20.431175,63.856571,0
-20.430187,63.855912,0
-20.427782,63.854317,0
-20.425362,63.852718,0
-20.423647,63.851607,0
-20.422516,63.850838,0
-20.421507,63.850166,0
-20.420727,63.849643,0
-20.420621,63.849576,0
-20.419911,63.849122,0
-20.419841,63.849078,0
-20.419551,63.848892,0
-20.418761,63.848478,0
-20.417861,63.848046,0
-20.415844,63.847123,0
-20.415155,63.846769,0
-20.414256,63.846266,0
-20.412999,63.845478,0
-20.410652,63.843955,0
-20.409966,63.843467,0
-20.409343,63.842982,0
-20.408851,63.842511,0
-20.408433,63.842021,0
-20.408030,63.841464,0
-20.407523,63.840265,0
-20.407479,63.840141,0
-20.407341,63.839755,0
-20.407216,63.839390,0
-20.407116,63.839155,0
-20.406741,63.838119,0
-20.406517,63.837668,0
-20.406286,63.837354,0
-20.405965,63.837042,0
-20.405801,63.836901,0
-20.405609,63.836761,0
-20.405115,63.836469,0
-20.403506,63.835623,0
-20.403050,63.835368,0
-20.402819,63.835179,0
-20.402566,63.834888,0
-20.402538,63.834796,0
-20.402526,63.834711,0
-20.402543,63.834628,0
-20.402586,63.834546,0
-20.402651,63.834509,0
-20.402688,63.834466,0
-20.402692,63.834414,0
-20.402657,63.834365,0
-20.402601,63.834329,0
-20.402523,63.834303,0
-20.402432,63.834286,0
-20.402334,63.834282,0
-20.402160,63.834260,0
-20.402091,63.834248,0
-20.402040,63.834232,0
-20.401996,63.834215,0
-20.401884,63.834156,0
-20.401234,63.833845,0
-20.400527,63.833553,0
-20.400069,63.833398,0
-20.399901,63.833334,0
-20.399245,63.833143,0
-20.398802,63.833022,0
-20.396941,63.832601,0
-20.395652,63.832303,0
-20.395500,63.832267,0
-20.394936,63.832153,0
-20.393991,63.831947,0
-20.393792,63.831909,0
-20.393663,63.831886,0
-20.393525,63.831866,0
-20.393362,63.831840,0
-20.393201,63.831809,0
-20.393039,63.831776,0
-20.392302,63.831603,0
-20.391525,63.831430,0
-20.391354,63.831392,0
-20.389958,63.831073,0
-20.389670,63.831008,0
-20.389165,63.830897,0
-20.389000,63.830861,0
-20.388815,63.830837,0
-20.388469,63.830782,0
-20.385690,63.830153,0
-20.384079,63.829803,0
-20.381504,63.829234,0
-20.379635,63.828821,0
-20.377267,63.828300,0
-20.376084,63.828044,0
-20.375854,63.827992,0
-20.374395,63.827658,0
-20.371845,63.827084,0
-20.370292,63.826710,0
-20.368453,63.826263,0
-20.367441,63.825994,0
-20.366468,63.825698,0
-20.365338,63.825349,0
-20.364119,63.824939,0
-20.363116,63.824537,0
-20.361900,63.823990,0
-20.360885,63.823492,0
-20.360294,63.823171,0
</coordinates></LineString></Placemark>
<Placemark><name>Depart The EDITION Reykjavik</name>
<description><![CDATA[8:30 AM GMT - Depart The EDITION Reykjavik]]></description>
<styleUrl>#pin_ff9500</styleUrl>
<Point><coordinates>-21.932854,64.150433,0</coordinates></Point>
</Placemark>
<Placemark><name>Thingvellier National Park</name>
<description><![CDATA[9:30 AM GMT - Thingvellier National Park]]></description>
<styleUrl>#pin_ff9500</styleUrl>
<Point><coordinates>-21.081941,64.278608,0</coordinates></Point>
</Placemark>
<Placemark><name>Caves of Laugarvatn</name>
<description><![CDATA[11:00 AM GMT - Caves of Laugarvatn]]></description>
<styleUrl>#pin_ff9500</styleUrl>
<Point><coordinates>-20.700584,64.210053,0</coordinates></Point>
</Placemark>
<Placemark><name>Fontana Geothermal Bakery</name>
<description><![CDATA[11:30 AM GMT - Fontana Geothermal Bakery]]></description>
<styleUrl>#pin_ff9500</styleUrl>
<Point><coordinates>-20.730215,64.214810,0</coordinates></Point>
</Placemark>
<Placemark><name>Vínstofa Friðheima</name>
<description><![CDATA[Vínstofa Friðheima - winebar & restaurant]]></description>
<styleUrl>#pin_ff9500</styleUrl>
<Point><coordinates>-20.445317,64.178028,0</coordinates></Point>
</Placemark>
<Placemark><name>Haukadalur Geothermal Valley</name>
<description><![CDATA[Haukadalur Geothermal Valley - Geysir Walking Trail - Strokkur Geyser]]></description>
<styleUrl>#pin_ff9500</styleUrl>
<Point><coordinates>-20.300773,64.312696,0</coordinates></Point>
</Placemark>
<Placemark><name>Gullfoss Waterfall + Lamb Soup at Gullfoss Cafe</name>
<description><![CDATA[3:15 PM GMT - Gullfoss Waterfall + Lamb Soup at Gullfoss Cafe]]></description>
<styleUrl>#pin_ff9500</styleUrl>
<Point><coordinates>-20.149556,64.314452,0</coordinates></Point>
</Placemark>
<Placemark><name>Laugaras Lagoon</name>
<description><![CDATA[Laugaras Lagoon - Lerki Experience]]></description>
<styleUrl>#pin_ff9500</styleUrl>
<Point><coordinates>-20.507482,64.112979,0</coordinates></Point>
</Placemark>
<Placemark><name>Arrive Hotel Ranga</name>
<description><![CDATA[7:15 PM GMT - Arrive Hotel Ranga]]></description>
<styleUrl>#pin_ff9500</styleUrl>
<Point><coordinates>-20.360293,63.823171,0</coordinates></Point>
</Placemark>
</Folder>
<Folder><name>Sat, Sep 5</name>
<Placemark><name>Sat, Sep 5 - driving route</name><styleUrl>#route_34c759</styleUrl>
<LineString><tessellate>1</tessellate><altitudeMode>clampToGround</altitudeMode><coordinates>
-20.360294,63.823171,0
-20.359812,63.822909,0
-20.358849,63.822323,0
-20.357953,63.821750,0
-20.356717,63.820938,0
-20.356482,63.820767,0
-20.356125,63.820494,0
-20.354486,63.819265,0
-20.352601,63.817865,0
-20.352034,63.817487,0
-20.351390,63.817097,0
-20.351012,63.816871,0
-20.349257,63.815890,0
-20.348168,63.815346,0
-20.347063,63.814845,0
-20.344324,63.813677,0
-20.342717,63.812905,0
-20.342020,63.812540,0
-20.341351,63.812135,0
-20.338917,63.810487,0
-20.335198,63.808096,0
-20.334442,63.807629,0
-20.329679,63.804971,0
-20.329101,63.804634,0
-20.315732,63.797298,0
-20.315359,63.797101,0
-20.311708,63.795193,0
-20.311566,63.795124,0
-20.311101,63.794899,0
-20.308388,63.793699,0
-20.308008,63.793550,0
-20.304999,63.792255,0
-20.301262,63.790595,0
-20.300355,63.790175,0
-20.299518,63.789703,0
-20.298753,63.789209,0
-20.296258,63.787564,0
-20.294759,63.786575,0
-20.290188,63.783531,0
-20.288291,63.782208,0
-20.285800,63.780562,0
-20.284798,63.779887,0
-20.284048,63.779337,0
-20.283276,63.778771,0
-20.282714,63.778307,0
-20.281332,63.777193,0
-20.280718,63.776756,0
-20.280152,63.776270,0
-20.278965,63.775273,0
-20.277946,63.774427,0
-20.277011,63.773594,0
-20.275682,63.772584,0
-20.274862,63.772024,0
-20.273899,63.771410,0
-20.272964,63.770876,0
-20.270797,63.769789,0
-20.269170,63.769007,0
-20.267935,63.768447,0
-20.257094,63.763384,0
-20.255428,63.762622,0
-20.249673,63.759932,0
-20.249520,63.759859,0
-20.248439,63.759325,0
-20.247891,63.759051,0
-20.247212,63.758677,0
-20.246535,63.758292,0
-20.245378,63.757592,0
-20.243813,63.756603,0
-20.243599,63.756470,0
-20.239667,63.753968,0
-20.238504,63.753205,0
-20.236475,63.751912,0
-20.236338,63.751825,0
-20.235524,63.751298,0
-20.235338,63.751177,0
-20.234493,63.750625,0
-20.233958,63.750272,0
-20.233807,63.750172,0
-20.233534,63.749986,0
-20.233412,63.749903,0
-20.232886,63.749546,0
-20.232605,63.749330,0
-20.232493,63.749248,0
-20.232438,63.749183,0
-20.232399,63.749085,0
-20.232396,63.748960,0
-20.232426,63.748597,0
-20.232468,63.748272,0
-20.232514,63.747961,0
-20.232550,63.747716,0
-20.232681,63.747391,0
-20.232707,63.747320,0
-20.232718,63.747255,0
-20.232726,63.747162,0
-20.232713,63.747014,0
-20.232715,63.746760,0
-20.232810,63.746103,0
-20.232830,63.745938,0
-20.232979,63.745189,0
-20.233251,63.743586,0
-20.233384,63.742727,0
-20.233560,63.741703,0
-20.233681,63.741080,0
-20.233745,63.740724,0
-20.234049,63.739017,0
-20.234717,63.735051,0
-20.234880,63.733247,0
-20.234977,63.732470,0
-20.235091,63.731599,0
-20.235127,63.731072,0
-20.235101,63.730048,0
-20.235039,63.729203,0
-20.234818,63.727929,0
-20.234539,63.725933,0
-20.234435,63.725337,0
-20.234334,63.724820,0
-20.234011,63.722927,0
-20.233851,63.722279,0
-20.233688,63.721721,0
-20.233571,63.721411,0
-20.233471,63.721170,0
-20.233275,63.720807,0
-20.233016,63.720332,0
-20.232799,63.719972,0
-20.232565,63.719638,0
-20.232225,63.719189,0
-20.231931,63.718833,0
-20.231520,63.718371,0
-20.231207,63.718056,0
-20.230538,63.717394,0
-20.230082,63.716959,0
-20.227691,63.714659,0
-20.227160,63.714126,0
-20.225711,63.712745,0
-20.224560,63.711623,0
-20.223497,63.710587,0
-20.221420,63.708542,0
-20.219681,63.706898,0
-20.218596,63.705842,0
-20.217630,63.704905,0
-20.216151,63.703499,0
-20.215733,63.703120,0
-20.215079,63.702538,0
-20.214807,63.702312,0
-20.214586,63.702148,0
-20.214557,63.702127,0
-20.213106,63.701069,0
-20.212487,63.700638,0
-20.211647,63.700092,0
-20.210210,63.699150,0
-20.210166,63.699119,0
-20.208546,63.698113,0
-20.206955,63.697152,0
-20.203858,63.695227,0
-20.202901,63.694621,0
-20.202121,63.694143,0
-20.201861,63.693992,0
-20.201021,63.693504,0
-20.200462,63.693210,0
-20.200120,63.693043,0
-20.199753,63.692872,0
-20.199204,63.692634,0
-20.198658,63.692410,0
-20.198245,63.692253,0
-20.197493,63.691992,0
-20.173439,63.683895,0
-20.154921,63.677657,0
-20.154076,63.677381,0
-20.152894,63.677027,0
-20.151849,63.676750,0
-20.150708,63.676477,0
-20.149846,63.676280,0
-20.148705,63.676030,0
-20.146992,63.675696,0
-20.146521,63.675597,0
-20.144121,63.675121,0
-20.131498,63.672713,0
-20.130268,63.672458,0
-20.128703,63.672085,0
-20.127512,63.671774,0
-20.126159,63.671379,0
-20.124742,63.670930,0
-20.123472,63.670499,0
-20.122842,63.670258,0
-20.121798,63.669841,0
-20.119417,63.668737,0
-20.116760,63.667380,0
-20.112828,63.665340,0
-20.111544,63.664682,0
-20.109029,63.663372,0
-20.106466,63.662083,0
-20.103968,63.660783,0
-20.101355,63.659488,0
-20.098800,63.658277,0
-20.097486,63.657661,0
-20.096103,63.657083,0
-20.093961,63.656176,0
-20.093303,63.655918,0
-20.091356,63.655181,0
-20.090450,63.654857,0
-20.087904,63.653968,0
-20.086368,63.653463,0
-20.086039,63.653353,0
-20.085244,63.653100,0
-20.082518,63.652244,0
-20.079675,63.651366,0
-20.076883,63.650492,0
-20.074219,63.649684,0
-20.071526,63.648852,0
-20.068924,63.648052,0
-20.066174,63.647203,0
-20.064882,63.646811,0
-20.063441,63.646373,0
-20.061277,63.645670,0
-20.059129,63.644932,0
-20.058216,63.644596,0
-20.056211,63.643815,0
-20.055340,63.643456,0
-20.052790,63.642321,0
-20.052171,63.642013,0
-20.050959,63.641409,0
-20.049996,63.640876,0
-20.047506,63.639407,0
-20.046934,63.639035,0
-20.045341,63.637909,0
-20.044953,63.637633,0
-20.044004,63.636900,0
-20.042935,63.635995,0
-20.041902,63.635019,0
-20.041667,63.634776,0
-20.040872,63.633953,0
-20.038962,63.631908,0
-20.037033,63.629833,0
-20.035047,63.627708,0
-20.033205,63.625727,0
-20.032542,63.625047,0
-20.031916,63.624439,0
-20.031098,63.623745,0
-20.030314,63.623139,0
-20.029063,63.622308,0
-20.028226,63.621778,0
-20.027603,63.621393,0
-20.026608,63.620843,0
-20.026114,63.620576,0
-20.025499,63.620256,0
-20.024956,63.619986,0
-20.024371,63.619707,0
-20.023841,63.619475,0
-20.023256,63.619229,0
-20.021606,63.618584,0
-20.019693,63.617912,0
-20.019410,63.617823,0
-20.017304,63.617160,0
-20.016109,63.616783,0
-20.011369,63.615317,0
-20.007752,63.614129,0
-20.005474,63.613398,0
-20.002661,63.614724,0
-20.001876,63.615079,0
-20.001291,63.615380,0
-20.000585,63.615804,0
-19.999925,63.616278,0
-19.998675,63.617264,0
-19.996157,63.619170,0
-19.995992,63.619133,0
-19.995836,63.619090,0
-19.995730,63.619043,0
-19.995427,63.618933,0
-19.995264,63.618863,0
-19.995197,63.618842,0
-19.995067,63.618791,0
-19.994947,63.618757,0
-19.994827,63.618725,0
-19.994670,63.618689,0
-19.994517,63.618663,0
-19.994384,63.618639,0
-19.994227,63.618611,0
-19.994046,63.618578,0
-19.993938,63.618554,0
-19.993835,63.618537,0
-19.993725,63.618514,0
-19.993625,63.618502,0
-19.993518,63.618480,0
-19.993442,63.618461,0
-19.993341,63.618451,0
-19.993242,63.618436,0
-19.992654,63.618325,0
-19.993202,63.617590,0
-19.993428,63.617224,0
-19.993717,63.616762,0
-19.994028,63.616263,0
-19.994069,63.616157,0
-19.994106,63.616046,0
-19.993741,63.616030,0
-19.993561,63.616028,0
-19.992436,63.616029,0
-19.992436,63.616029,0
-19.993561,63.616028,0
-19.993741,63.616030,0
-19.994106,63.616046,0
-19.994069,63.616157,0
-19.994028,63.616263,0
-19.993717,63.616762,0
-19.993428,63.617224,0
-19.993202,63.617590,0
-19.992654,63.618325,0
-19.993242,63.618436,0
-19.993341,63.618451,0
-19.993442,63.618461,0
-19.993518,63.618480,0
-19.993625,63.618502,0
-19.993725,63.618514,0
-19.993835,63.618537,0
-19.993938,63.618554,0
-19.994046,63.618578,0
-19.994227,63.618611,0
-19.994384,63.618639,0
-19.994517,63.618663,0
-19.994670,63.618689,0
-19.994827,63.618725,0
-19.994947,63.618757,0
-19.995067,63.618791,0
-19.995197,63.618842,0
-19.995264,63.618863,0
-19.995427,63.618933,0
-19.995730,63.619043,0
-19.995836,63.619090,0
-19.995992,63.619133,0
-19.996157,63.619170,0
-19.998675,63.617264,0
-19.999925,63.616278,0
-20.000585,63.615804,0
-20.001291,63.615380,0
-20.001876,63.615079,0
-20.002661,63.614724,0
-20.005474,63.613398,0
-20.004939,63.613194,0
-20.002171,63.612152,0
-20.001461,63.611838,0
-20.000386,63.611367,0
-20.000166,63.611270,0
-19.999306,63.610863,0
-19.997362,63.609892,0
-19.997056,63.609739,0
-19.995273,63.608753,0
-19.993900,63.607938,0
-19.993738,63.607850,0
-19.990715,63.606076,0
-19.988089,63.604512,0
-19.980346,63.599957,0
-19.979170,63.599268,0
-19.974611,63.596574,0
-19.973868,63.596170,0
-19.973073,63.595807,0
-19.972487,63.595573,0
-19.971883,63.595358,0
-19.970788,63.595005,0
-19.968485,63.594345,0
-19.965446,63.593435,0
-19.962045,63.592447,0
-19.959309,63.591655,0
-19.950716,63.589149,0
-19.936012,63.584812,0
-19.932985,63.583981,0
-19.931272,63.583577,0
-19.929881,63.583305,0
-19.928645,63.583101,0
-19.928279,63.583052,0
-19.926893,63.582875,0
-19.924060,63.582550,0
-19.921402,63.582237,0
-19.920120,63.582080,0
-19.919427,63.581987,0
-19.918692,63.581872,0
-19.918502,63.581840,0
-19.917930,63.581743,0
-19.917080,63.581574,0
-19.915834,63.581306,0
-19.903032,63.578387,0
-19.902508,63.578272,0
-19.879601,63.573094,0
-19.876537,63.572373,0
-19.871747,63.571233,0
-19.865427,63.569716,0
-19.864173,63.569432,0
-19.863455,63.569269,0
-19.858179,63.567993,0
-19.855318,63.567312,0
-19.852483,63.566643,0
-19.849583,63.565936,0
-19.846788,63.565275,0
-19.846073,63.565125,0
-19.845372,63.564998,0
-19.844557,63.564876,0
-19.844068,63.564805,0
-19.841671,63.564456,0
-19.841169,63.564383,0
-19.838172,63.563955,0
-19.836642,63.563742,0
-19.835201,63.563570,0
-19.834090,63.563456,0
-19.832466,63.563309,0
-19.830612,63.563149,0
-19.830090,63.563117,0
-19.826323,63.562871,0
-19.822763,63.562666,0
-19.821078,63.562563,0
-19.820220,63.562504,0
-19.819613,63.562444,0
-19.818783,63.562349,0
-19.818080,63.562258,0
-19.817284,63.562132,0
-19.816596,63.561994,0
-19.814962,63.561641,0
-19.814203,63.561472,0
-19.812123,63.560982,0
-19.811157,63.560739,0
-19.809826,63.560402,0
-19.808573,63.560072,0
-19.805687,63.559247,0
-19.803129,63.558499,0
-19.800166,63.557658,0
-19.797842,63.556999,0
-19.796313,63.556565,0
-19.794579,63.556072,0
-19.791869,63.555293,0
-19.789527,63.554644,0
-19.786147,63.553679,0
-19.779088,63.551687,0
-19.778208,63.551435,0
-19.777211,63.551186,0
-19.776625,63.551050,0
-19.775923,63.550932,0
-19.775241,63.550850,0
-19.773576,63.550674,0
-19.769353,63.550256,0
-19.763145,63.549667,0
-19.762099,63.549584,0
-19.755194,63.549142,0
-19.753206,63.549007,0
-19.752465,63.548935,0
-19.751959,63.548869,0
-19.751121,63.548744,0
-19.750441,63.548609,0
-19.749926,63.548495,0
-19.749357,63.548345,0
-19.749127,63.548276,0
-19.746949,63.547625,0
-19.746252,63.547436,0
-19.745510,63.547272,0
-19.744708,63.547128,0
-19.743960,63.547023,0
-19.743276,63.546946,0
-19.742498,63.546880,0
-19.741064,63.546780,0
-19.736271,63.546431,0
-19.734910,63.546312,0
-19.733763,63.546191,0
-19.732795,63.546067,0
-19.732668,63.546050,0
-19.731203,63.545837,0
-19.728513,63.545423,0
-19.727330,63.545230,0
-19.725208,63.544894,0
-19.723814,63.544677,0
-19.723019,63.544568,0
-19.722658,63.544527,0
-19.722263,63.544489,0
-19.721956,63.544464,0
-19.721582,63.544448,0
-19.721111,63.544432,0
-19.720380,63.544437,0
-19.719770,63.544453,0
-19.719066,63.544486,0
-19.718302,63.544527,0
-19.717629,63.544561,0
-19.717037,63.544578,0
-19.716066,63.544581,0
-19.713466,63.544576,0
-19.712758,63.544561,0
-19.712225,63.544533,0
-19.711779,63.544492,0
-19.711032,63.544399,0
-19.709002,63.544098,0
-19.707492,63.543878,0
-19.706049,63.543658,0
-19.705356,63.543557,0
-19.704758,63.543471,0
-19.703659,63.543318,0
-19.702950,63.543237,0
-19.702311,63.543190,0
-19.701748,63.543171,0
-19.701065,63.543162,0
-19.700363,63.543161,0
-19.699814,63.543157,0
-19.698062,63.543150,0
-19.696929,63.543102,0
-19.696358,63.543050,0
-19.695564,63.542959,0
-19.694125,63.542800,0
-19.693562,63.542744,0
-19.693111,63.542714,0
-19.692616,63.542695,0
-19.691794,63.542689,0
-19.691051,63.542711,0
-19.690369,63.542749,0
-19.689097,63.542808,0
-19.688560,63.542819,0
-19.688028,63.542815,0
-19.687555,63.542796,0
-19.687167,63.542775,0
-19.685659,63.542674,0
-19.685214,63.542648,0
-19.684837,63.542634,0
-19.684456,63.542635,0
-19.684064,63.542642,0
-19.683529,63.542657,0
-19.682914,63.542693,0
-19.682061,63.542759,0
-19.681908,63.542770,0
-19.679445,63.542948,0
-19.676433,63.543192,0
-19.674538,63.543338,0
-19.673545,63.543402,0
-19.673063,63.543429,0
-19.672403,63.543453,0
-19.671753,63.543464,0
-19.671164,63.543451,0
-19.670203,63.543391,0
-19.669713,63.543354,0
-19.669498,63.543337,0
-19.667875,63.543218,0
-19.667738,63.543207,0
-19.665029,63.542980,0
-19.662647,63.542778,0
-19.662465,63.542988,0
-19.661989,63.543583,0
-19.661434,63.544260,0
-19.661003,63.544773,0
-19.660538,63.545268,0
-19.660435,63.545391,0
-19.659778,63.545389,0
-19.659531,63.545391,0
-19.659370,63.545403,0
-19.659252,63.545451,0
-19.659226,63.545501,0
-19.659220,63.545728,0
-19.659220,63.545728,0
-19.659226,63.545501,0
-19.659252,63.545451,0
-19.659370,63.545403,0
-19.659531,63.545391,0
-19.659778,63.545389,0
-19.660435,63.545391,0
-19.660538,63.545268,0
-19.661003,63.544773,0
-19.661434,63.544260,0
-19.661989,63.543583,0
-19.662465,63.542988,0
-19.662647,63.542778,0
-19.661686,63.542702,0
-19.660945,63.542631,0
-19.660378,63.542570,0
-19.659746,63.542474,0
-19.659223,63.542379,0
-19.658596,63.542245,0
-19.658145,63.542138,0
-19.657607,63.541975,0
-19.656913,63.541740,0
-19.656160,63.541473,0
-19.653488,63.540485,0
-19.652558,63.540144,0
-19.650490,63.539383,0
-19.648603,63.538676,0
-19.646015,63.537717,0
-19.644144,63.537076,0
-19.643987,63.537026,0
-19.643084,63.536736,0
-19.642365,63.536513,0
-19.641630,63.536296,0
-19.640520,63.535977,0
-19.640015,63.535837,0
-19.639395,63.535666,0
-19.638842,63.535526,0
-19.637674,63.535242,0
-19.636498,63.534980,0
-19.635137,63.534664,0
-19.633337,63.534286,0
-19.631108,63.533827,0
-19.622690,63.532096,0
-19.617824,63.531110,0
-19.617353,63.531010,0
-19.614715,63.530471,0
-19.612244,63.529971,0
-19.609357,63.529373,0
-19.607315,63.528954,0
-19.605143,63.528502,0
-19.604355,63.528342,0
-19.603838,63.528240,0
-19.603037,63.528072,0
-19.602759,63.528009,0
-19.601785,63.527801,0
-19.596951,63.526820,0
-19.592083,63.525797,0
-19.583332,63.523992,0
-19.582234,63.523753,0
-19.577378,63.522746,0
-19.576175,63.522517,0
-19.575435,63.522406,0
-19.574676,63.522319,0
-19.574105,63.522269,0
-19.573357,63.522225,0
-19.572596,63.522204,0
-19.572150,63.522205,0
-19.571681,63.522219,0
-19.571174,63.522243,0
-19.570739,63.522280,0
-19.567990,63.522565,0
-19.565994,63.522767,0
-19.564714,63.522906,0
-19.564059,63.522964,0
-19.563433,63.523013,0
-19.562642,63.523060,0
-19.561982,63.523092,0
-19.561251,63.523117,0
-19.554034,63.523303,0
-19.551251,63.523373,0
-19.547232,63.523470,0
-19.545760,63.523507,0
-19.544975,63.523520,0
-19.544308,63.523523,0
-19.542868,63.523500,0
-19.542083,63.523476,0
-19.541397,63.523439,0
-19.540815,63.523402,0
-19.540080,63.523334,0
-19.539011,63.523225,0
-19.537594,63.523054,0
-19.532010,63.522310,0
-19.528917,63.521968,0
-19.523718,63.521469,0
-19.523620,63.521651,0
-19.520492,63.528095,0
-19.520380,63.528500,0
-19.520398,63.528710,0
-19.520516,63.529061,0
-19.520500,63.529181,0
-19.520403,63.529245,0
-19.520232,63.529325,0
-19.519862,63.529499,0
-19.519615,63.529621,0
-19.519379,63.529803,0
-19.519342,63.529932,0
-19.519345,63.530019,0
-19.519321,63.530143,0
-19.519233,63.530280,0
-19.519096,63.530350,0
-19.518909,63.530520,0
-19.518827,63.530605,0
-19.518706,63.530690,0
-19.518637,63.530775,0
-19.518637,63.530775,0
-19.518706,63.530690,0
-19.518827,63.530605,0
-19.518909,63.530520,0
-19.519096,63.530350,0
-19.519233,63.530280,0
-19.519321,63.530143,0
-19.519345,63.530019,0
-19.519342,63.529932,0
-19.519379,63.529803,0
-19.519615,63.529621,0
-19.519862,63.529499,0
-19.520232,63.529325,0
-19.520403,63.529245,0
-19.520500,63.529181,0
-19.520516,63.529061,0
-19.520398,63.528710,0
-19.520380,63.528500,0
-19.520492,63.528095,0
-19.523620,63.521651,0
-19.523718,63.521469,0
-19.523531,63.521452,0
-19.522633,63.521363,0
-19.520732,63.521177,0
-19.518372,63.520934,0
-19.516102,63.520711,0
-19.508776,63.519997,0
-19.506566,63.519773,0
-19.468154,63.515958,0
-19.466102,63.515707,0
-19.464987,63.515541,0
-19.463828,63.515335,0
-19.462189,63.514972,0
-19.460479,63.514540,0
-19.457873,63.513828,0
-19.455101,63.513061,0
-19.451745,63.512132,0
-19.449545,63.511534,0
-19.446670,63.510744,0
-19.442936,63.509687,0
-19.438151,63.508375,0
-19.433720,63.507145,0
-19.429954,63.506088,0
-19.413629,63.501578,0
-19.411282,63.500918,0
-19.409985,63.500578,0
-19.408553,63.500251,0
-19.406062,63.499751,0
-19.405306,63.499604,0
-19.404289,63.499396,0
-19.402237,63.498981,0
-19.399349,63.498394,0
-19.397632,63.498072,0
-19.396023,63.497752,0
-19.363594,63.491284,0
-19.350711,63.488749,0
-19.350222,63.488649,0
-19.348496,63.488301,0
-19.345993,63.487789,0
-19.344803,63.487531,0
-19.343499,63.487220,0
-19.341513,63.486683,0
-19.340476,63.486376,0
-19.339571,63.486099,0
-19.338232,63.485664,0
-19.335463,63.484729,0
-19.335282,63.484828,0
-19.334858,63.485110,0
-19.334474,63.485384,0
-19.328362,63.490794,0
-19.327866,63.491346,0
-19.327774,63.491476,0
-19.327736,63.491599,0
-19.327741,63.491772,0
-19.327842,63.491946,0
-19.328390,63.492446,0
-19.328613,63.492625,0
-19.328748,63.492750,0
-19.328877,63.492918,0
-19.328981,63.493105,0
-19.329021,63.493285,0
-19.329279,63.494912,0
-19.329300,63.495065,0
-19.329295,63.495194,0
-19.329281,63.495314,0
-19.329160,63.495580,0
-19.329007,63.495793,0
-19.328502,63.496498,0
-19.328380,63.496673,0
-19.328195,63.496832,0
-19.327969,63.496976,0
-19.327557,63.497196,0
-19.327338,63.497296,0
-19.326912,63.497459,0
-19.326409,63.497603,0
-19.326217,63.497675,0
-19.326123,63.497720,0
-19.325965,63.497821,0
-19.325921,63.497875,0
-19.325873,63.497933,0
-19.325794,63.498061,0
-19.325490,63.499058,0
-19.325453,63.499171,0
-19.325367,63.499284,0
-19.325258,63.499375,0
-19.324967,63.499512,0
-19.324814,63.499608,0
-19.324472,63.499941,0
-19.324233,63.500078,0
-19.324045,63.500128,0
-19.323749,63.500165,0
-19.322525,63.500213,0
-19.322314,63.500222,0
-19.322097,63.500274,0
-19.321921,63.500390,0
-19.321850,63.500502,0
-19.321823,63.500628,0
-19.321892,63.500851,0
-19.321902,63.501068,0
-19.321851,63.501262,0
-19.321781,63.501399,0
-19.321322,63.501919,0
-19.321180,63.502046,0
-19.320912,63.502164,0
-19.320300,63.502383,0
-19.319688,63.502553,0
-19.319227,63.502646,0
-19.318546,63.502743,0
-19.317593,63.502956,0
-19.316566,63.503257,0
-19.315911,63.503453,0
-19.315870,63.503456,0
-19.314872,63.503700,0
-19.314328,63.503824,0
-19.313937,63.503916,0
-19.313610,63.503944,0
-19.313213,63.503938,0
-19.312580,63.503921,0
-19.312078,63.503937,0
-19.311740,63.503989,0
-19.311399,63.504063,0
-19.310603,63.504302,0
-19.310090,63.504466,0
-19.309535,63.504620,0
-19.309092,63.504783,0
-19.308560,63.505053,0
-19.308175,63.505197,0
-19.307867,63.505307,0
-19.307534,63.505477,0
-19.307033,63.505812,0
-19.306644,63.506030,0
-19.306255,63.506294,0
-19.305831,63.506584,0
-19.305562,63.506713,0
-19.305288,63.506804,0
-19.304897,63.506905,0
-19.304397,63.506979,0
-19.303653,63.507089,0
-19.303023,63.507213,0
-19.302597,63.507352,0
-19.302003,63.507568,0
-19.301409,63.507865,0
-19.300837,63.508196,0
-19.300489,63.508431,0
-19.300119,63.508739,0
-19.299186,63.509617,0
-19.298773,63.509920,0
-19.298287,63.510212,0
-19.297824,63.510494,0
-19.297399,63.510707,0
-19.296905,63.510892,0
-19.296354,63.511076,0
-19.295739,63.511288,0
-19.295223,63.511520,0
-19.295019,63.511712,0
-19.294860,63.511919,0
-19.294654,63.512191,0
-19.294422,63.512419,0
-19.294012,63.512648,0
-19.293546,63.512866,0
-19.292620,63.513261,0
-19.290636,63.514075,0
-19.287139,63.515548,0
-19.286810,63.515722,0
-19.286616,63.515934,0
-19.286564,63.516207,0
-19.286620,63.516489,0
-19.287426,63.517659,0
-19.287753,63.518123,0
-19.287904,63.518551,0
-19.287909,63.519441,0
-19.287878,63.520348,0
-19.287834,63.520455,0
-19.287745,63.520554,0
-19.286102,63.521223,0
-19.285466,63.521670,0
-19.285261,63.521880,0
-19.284682,63.522466,0
-19.283566,63.523989,0
-19.283093,63.524329,0
-19.282570,63.524669,0
-19.281318,63.525333,0
-19.280853,63.525623,0
-19.280619,63.525922,0
-19.280455,63.526229,0
-19.280007,63.527542,0
-19.279981,63.527848,0
-19.280001,63.528171,0
-19.280163,63.528546,0
-19.280467,63.528990,0
-19.281128,63.529875,0
-19.281167,63.530070,0
-19.281139,63.530240,0
-19.281052,63.530561,0
-19.280859,63.530901,0
-19.279858,63.532451,0
-19.279355,63.533772,0
-19.278361,63.536618,0
-19.278041,63.537259,0
-19.277573,63.537914,0
-19.277162,63.538322,0
-19.276635,63.538702,0
-19.275245,63.539439,0
-19.274580,63.539762,0
-19.273907,63.540045,0
-19.273636,63.540135,0
-19.273327,63.540214,0
-19.272719,63.540341,0
-19.271490,63.540595,0
-19.269067,63.541131,0
-19.268103,63.541487,0
-19.267403,63.542014,0
-19.266963,63.542847,0
-19.267002,63.543738,0
-19.266858,63.544170,0
-19.266582,63.544644,0
-19.266190,63.545087,0
-19.265721,63.545519,0
-19.265263,63.545890,0
-19.264884,63.546068,0
-19.264448,63.546206,0
-19.263768,63.546288,0
-19.262987,63.546272,0
-19.262340,63.546286,0
-19.261526,63.546365,0
-19.260511,63.546485,0
-19.259809,63.546570,0
-19.259169,63.546716,0
-19.258608,63.547015,0
-19.258131,63.547357,0
-19.257554,63.548062,0
-19.257430,63.548393,0
-19.257377,63.548709,0
-19.257410,63.549498,0
-19.257063,63.550160,0
-19.256644,63.550556,0
-19.256170,63.550933,0
-19.255099,63.551574,0
-19.253950,63.552219,0
-19.253104,63.552699,0
-19.252878,63.552907,0
-19.252796,63.553024,0
-19.252947,63.553131,0
-19.253158,63.553249,0
-19.253242,63.553459,0
-19.253073,63.553655,0
-19.252315,63.554045,0
-19.251537,63.554497,0
-19.251232,63.554795,0
-19.251101,63.555144,0
-19.250716,63.555711,0
-19.250571,63.555981,0
-19.250619,63.556027,0
-19.250801,63.556199,0
-19.251984,63.556609,0
-19.253206,63.557491,0
-19.253494,63.557597,0
-19.254244,63.557873,0
-19.254653,63.558137,0
-19.254706,63.558480,0
-19.254399,63.559127,0
-19.254351,63.559327,0
-19.254669,63.559444,0
-19.256603,63.559284,0
-19.257478,63.559331,0
-19.259318,63.559671,0
-19.260104,63.559711,0
-19.260492,63.560578,0
-19.261308,63.561025,0
-19.261738,63.561480,0
-19.262653,63.561647,0
-19.262637,63.562233,0
-19.262445,63.562590,0
-19.262469,63.562923,0
-19.263720,63.563435,0
-19.264994,63.563971,0
-19.265820,63.564050,0
-19.265927,63.564536,0
-19.265491,63.564883,0
-19.264659,63.565315,0
-19.264461,63.565690,0
-19.264707,63.565860,0
-19.265887,63.565594,0
-19.266957,63.565482,0
-19.268712,63.565520,0
-19.268936,63.565628,0
-19.268936,63.565628,0
-19.267717,63.567314,0
-19.266492,63.568917,0
-19.265702,63.569105,0
-19.264633,63.569533,0
-19.262415,63.569903,0
-19.261032,63.570270,0
-19.258745,63.571628,0
-19.258807,63.571801,0
-19.259176,63.572025,0
-19.259005,63.572111,0
-19.258569,63.572020,0
-19.257903,63.572131,0
-19.257338,63.572374,0
-19.256370,63.572443,0
-19.255667,63.572672,0
-19.255054,63.573107,0
-19.253939,63.573285,0
-19.252256,63.573169,0
-19.250665,63.573418,0
-19.249809,63.573623,0
-19.248223,63.574144,0
-19.245139,63.575312,0
-19.244221,63.575579,0
-19.243625,63.575798,0
-19.243323,63.575926,0
-19.242718,63.576065,0
-19.242456,63.576148,0
-19.241897,63.576133,0
-19.241458,63.575984,0
-19.241897,63.576133,0
-19.242456,63.576148,0
-19.242718,63.576065,0
-19.243323,63.575926,0
-19.243625,63.575798,0
-19.244221,63.575579,0
-19.245139,63.575312,0
-19.248223,63.574144,0
-19.249809,63.573623,0
-19.250665,63.573418,0
-19.252256,63.573169,0
-19.253939,63.573285,0
-19.255054,63.573107,0
-19.255667,63.572672,0
-19.256370,63.572443,0
-19.257338,63.572374,0
-19.257903,63.572131,0
-19.258569,63.572020,0
-19.259005,63.572111,0
-19.259176,63.572025,0
-19.258807,63.571801,0
-19.258745,63.571628,0
-19.261032,63.570270,0
-19.262415,63.569903,0
-19.264633,63.569533,0
-19.265702,63.569105,0
-19.266492,63.568917,0
-19.267717,63.567314,0
-19.268936,63.565628,0
-19.268712,63.565520,0
-19.266957,63.565482,0
-19.265887,63.565594,0
-19.264707,63.565860,0
-19.264461,63.565690,0
-19.264659,63.565315,0
-19.265491,63.564883,0
-19.265927,63.564536,0
-19.265820,63.564050,0
-19.264994,63.563971,0
-19.263720,63.563435,0
-19.262469,63.562923,0
-19.262445,63.562590,0
-19.262637,63.562233,0
-19.262653,63.561647,0
-19.261738,63.561480,0
-19.261308,63.561025,0
-19.260492,63.560578,0
-19.260104,63.559711,0
-19.259318,63.559671,0
-19.257478,63.559331,0
-19.256603,63.559284,0
-19.254669,63.559444,0
-19.254351,63.559327,0
-19.254399,63.559127,0
-19.254706,63.558480,0
-19.254653,63.558137,0
-19.254244,63.557873,0
-19.253494,63.557597,0
-19.253206,63.557491,0
-19.251984,63.556609,0
-19.250801,63.556199,0
-19.250619,63.556027,0
-19.250571,63.555981,0
-19.250716,63.555711,0
-19.251101,63.555144,0
-19.251232,63.554795,0
-19.251537,63.554497,0
-19.252315,63.554045,0
-19.253073,63.553655,0
-19.253242,63.553459,0
-19.253158,63.553249,0
-19.252947,63.553131,0
-19.252796,63.553024,0
-19.252878,63.552907,0
-19.253104,63.552699,0
-19.253950,63.552219,0
-19.255099,63.551574,0
-19.256170,63.550933,0
-19.256644,63.550556,0
-19.257063,63.550160,0
-19.257410,63.549498,0
-19.257377,63.548709,0
-19.257430,63.548393,0
-19.257554,63.548062,0
-19.258131,63.547357,0
-19.258608,63.547015,0
-19.259169,63.546716,0
-19.259809,63.546570,0
-19.260511,63.546485,0
-19.261526,63.546365,0
-19.262340,63.546286,0
-19.262987,63.546272,0
-19.263768,63.546288,0
-19.264448,63.546206,0
-19.264884,63.546068,0
-19.265263,63.545890,0
-19.265721,63.545519,0
-19.266190,63.545087,0
-19.266582,63.544644,0
-19.266858,63.544170,0
-19.267002,63.543738,0
-19.266963,63.542847,0
-19.267403,63.542014,0
-19.268103,63.541487,0
-19.269067,63.541131,0
-19.271490,63.540595,0
-19.272719,63.540341,0
-19.273327,63.540214,0
-19.273636,63.540135,0
-19.273907,63.540045,0
-19.274580,63.539762,0
-19.275245,63.539439,0
-19.276635,63.538702,0
-19.277162,63.538322,0
-19.277573,63.537914,0
-19.278041,63.537259,0
-19.278361,63.536618,0
-19.279355,63.533772,0
-19.279858,63.532451,0
-19.280859,63.530901,0
-19.281052,63.530561,0
-19.281139,63.530240,0
-19.281167,63.530070,0
-19.281128,63.529875,0
-19.280467,63.528990,0
-19.280163,63.528546,0
-19.280001,63.528171,0
-19.279981,63.527848,0
-19.280007,63.527542,0
-19.280455,63.526229,0
-19.280619,63.525922,0
-19.280853,63.525623,0
-19.281318,63.525333,0
-19.282570,63.524669,0
-19.283093,63.524329,0
-19.283566,63.523989,0
-19.284682,63.522466,0
-19.285261,63.521880,0
-19.285466,63.521670,0
-19.286102,63.521223,0
-19.287745,63.520554,0
-19.287834,63.520455,0
-19.287878,63.520348,0
-19.287909,63.519441,0
-19.287904,63.518551,0
-19.287753,63.518123,0
-19.287426,63.517659,0
-19.286620,63.516489,0
-19.286564,63.516207,0
-19.286616,63.515934,0
-19.286810,63.515722,0
-19.287139,63.515548,0
-19.290636,63.514075,0
-19.292620,63.513261,0
-19.293546,63.512866,0
-19.294012,63.512648,0
-19.294422,63.512419,0
-19.294654,63.512191,0
-19.294860,63.511919,0
-19.295019,63.511712,0
-19.295223,63.511520,0
-19.295739,63.511288,0
-19.296354,63.511076,0
-19.296905,63.510892,0
-19.297399,63.510707,0
-19.297824,63.510494,0
-19.298287,63.510212,0
-19.298773,63.509920,0
-19.299186,63.509617,0
-19.300119,63.508739,0
-19.300489,63.508431,0
-19.300837,63.508196,0
-19.301409,63.507865,0
-19.302003,63.507568,0
-19.302597,63.507352,0
-19.303023,63.507213,0
-19.303653,63.507089,0
-19.304397,63.506979,0
-19.304897,63.506905,0
-19.305288,63.506804,0
-19.305562,63.506713,0
-19.305831,63.506584,0
-19.306255,63.506294,0
-19.306644,63.506030,0
-19.307033,63.505812,0
-19.307534,63.505477,0
-19.307867,63.505307,0
-19.308175,63.505197,0
-19.308560,63.505053,0
-19.309092,63.504783,0
-19.309535,63.504620,0
-19.310090,63.504466,0
-19.310603,63.504302,0
-19.311399,63.504063,0
-19.311740,63.503989,0
-19.312078,63.503937,0
-19.312580,63.503921,0
-19.313213,63.503938,0
-19.313610,63.503944,0
-19.313937,63.503916,0
-19.314328,63.503824,0
-19.314872,63.503700,0
-19.315870,63.503456,0
-19.315911,63.503453,0
-19.316566,63.503257,0
-19.317593,63.502956,0
-19.318546,63.502743,0
-19.319227,63.502646,0
-19.319688,63.502553,0
-19.320300,63.502383,0
-19.320912,63.502164,0
-19.321180,63.502046,0
-19.321322,63.501919,0
-19.321781,63.501399,0
-19.321851,63.501262,0
-19.321902,63.501068,0
-19.321892,63.500851,0
-19.321823,63.500628,0
-19.321850,63.500502,0
-19.321921,63.500390,0
-19.322097,63.500274,0
-19.322314,63.500222,0
-19.322525,63.500213,0
-19.323749,63.500165,0
-19.324045,63.500128,0
-19.324233,63.500078,0
-19.324472,63.499941,0
-19.324814,63.499608,0
-19.324967,63.499512,0
-19.325258,63.499375,0
-19.325367,63.499284,0
-19.325453,63.499171,0
-19.325490,63.499058,0
-19.325794,63.498061,0
-19.325873,63.497933,0
-19.325921,63.497875,0
-19.325965,63.497821,0
-19.326123,63.497720,0
-19.326217,63.497675,0
-19.326409,63.497603,0
-19.326912,63.497459,0
-19.327338,63.497296,0
-19.327557,63.497196,0
-19.327969,63.496976,0
-19.328195,63.496832,0
-19.328380,63.496673,0
-19.328502,63.496498,0
-19.329007,63.495793,0
-19.329160,63.495580,0
-19.329281,63.495314,0
-19.329295,63.495194,0
-19.329300,63.495065,0
-19.329279,63.494912,0
-19.329021,63.493285,0
-19.328981,63.493105,0
-19.328877,63.492918,0
-19.328748,63.492750,0
-19.328613,63.492625,0
-19.328390,63.492446,0
-19.327842,63.491946,0
-19.327741,63.491772,0
-19.327736,63.491599,0
-19.327774,63.491476,0
-19.327866,63.491346,0
-19.328362,63.490794,0
-19.334474,63.485384,0
-19.334858,63.485110,0
-19.335282,63.484828,0
-19.335463,63.484729,0
-19.333589,63.484100,0
-19.332584,63.483755,0
-19.331766,63.483481,0
-19.330916,63.483225,0
-19.330262,63.483043,0
-19.329512,63.482850,0
-19.328577,63.482638,0
-19.327697,63.482470,0
-19.326815,63.482324,0
-19.325973,63.482198,0
-19.325088,63.482096,0
-19.324429,63.482035,0
-19.323846,63.481987,0
-19.323166,63.481940,0
-19.322253,63.481884,0
-19.321022,63.481819,0
-19.319667,63.481747,0
-19.318886,63.481690,0
-19.318126,63.481614,0
-19.317357,63.481525,0
-19.316693,63.481433,0
-19.316065,63.481343,0
-19.315017,63.481183,0
-19.310735,63.480546,0
-19.309254,63.480324,0
-19.307011,63.479988,0
-19.296597,63.478440,0
-19.284291,63.476595,0
-19.260567,63.473035,0
-19.258176,63.472666,0
-19.257560,63.472564,0
-19.256944,63.472445,0
-19.256594,63.472364,0
-19.256149,63.472250,0
-19.255608,63.472088,0
-19.255236,63.471963,0
-19.254797,63.471805,0
-19.251746,63.470568,0
-19.249954,63.469828,0
-19.236127,63.464149,0
-19.235127,63.463747,0
-19.234335,63.463438,0
-19.233394,63.463107,0
-19.232018,63.462674,0
-19.230549,63.462218,0
-19.230139,63.462092,0
-19.228895,63.461709,0
-19.228095,63.461462,0
-19.226956,63.461117,0
-19.226043,63.460835,0
-19.224718,63.460425,0
-19.223760,63.460089,0
-19.223020,63.459797,0
-19.222226,63.459434,0
-19.221544,63.459104,0
-19.220779,63.458705,0
-19.208104,63.451766,0
-19.207709,63.451514,0
-19.207375,63.451272,0
-19.206953,63.450905,0
-19.205101,63.448951,0
-19.194127,63.437220,0
-19.192646,63.435620,0
-19.192432,63.435385,0
-19.192122,63.435065,0
-19.191852,63.434819,0
-19.191744,63.434722,0
-19.191395,63.434445,0
-19.191061,63.434209,0
-19.190665,63.433949,0
-19.190185,63.433667,0
-19.189780,63.433458,0
-19.189424,63.433284,0
-19.188977,63.433091,0
-19.188553,63.432917,0
-19.187933,63.432690,0
-19.187422,63.432521,0
-19.186951,63.432382,0
-19.186506,63.432261,0
-19.186128,63.432165,0
-19.185751,63.432077,0
-19.185374,63.431994,0
-19.184908,63.431899,0
-19.184439,63.431818,0
-19.183983,63.431744,0
-19.183514,63.431679,0
-19.183006,63.431613,0
-19.182504,63.431562,0
-19.181930,63.431510,0
-19.181175,63.431468,0
-19.180772,63.431452,0
-19.179886,63.431433,0
-19.179315,63.431437,0
-19.178953,63.431447,0
-19.178387,63.431472,0
-19.177895,63.431504,0
-19.177437,63.431537,0
-19.177055,63.431572,0
-19.176679,63.431611,0
-19.176324,63.431656,0
-19.176018,63.431701,0
-19.175671,63.431758,0
-19.175336,63.431819,0
-19.175022,63.431885,0
-19.174686,63.431959,0
-19.174224,63.432069,0
-19.173709,63.432202,0
-19.173188,63.432344,0
-19.172652,63.432492,0
-19.172224,63.432614,0
-19.170046,63.433257,0
-19.166448,63.434403,0
-19.162896,63.435510,0
-19.162235,63.435720,0
-19.161666,63.435916,0
-19.161250,63.436070,0
-19.158968,63.436977,0
-19.156896,63.437795,0
-19.156428,63.437968,0
-19.155991,63.438108,0
-19.153653,63.438809,0
-19.151241,63.439476,0
-19.148438,63.440283,0
-19.147030,63.440674,0
-19.146878,63.440721,0
-19.145935,63.441013,0
-19.145528,63.441148,0
-19.145170,63.441294,0
-19.144476,63.441606,0
-19.143865,63.441954,0
-19.143496,63.442192,0
-19.143138,63.442435,0
-19.141518,63.443765,0
-19.141287,63.443955,0
-19.139831,63.445090,0
-19.139676,63.445196,0
-19.139505,63.445301,0
-19.138593,63.445850,0
-19.138411,63.445944,0
-19.138135,63.446071,0
-19.137621,63.446274,0
-19.137095,63.446448,0
-19.136764,63.446548,0
-19.136230,63.446693,0
-19.135549,63.446847,0
-19.134941,63.446968,0
-19.134332,63.447068,0
-19.133856,63.447135,0
-19.133376,63.447186,0
-19.132881,63.447229,0
-19.132391,63.447263,0
-19.131873,63.447289,0
-19.131290,63.447307,0
-19.129791,63.447336,0
-19.126767,63.447384,0
-19.124920,63.447417,0
-19.123443,63.447438,0
-19.120770,63.447491,0
-19.119750,63.447512,0
-19.119084,63.447536,0
-19.118281,63.447570,0
-19.117523,63.447621,0
-19.116914,63.447677,0
-19.116171,63.447757,0
-19.115411,63.447852,0
-19.114639,63.447967,0
-19.113963,63.448091,0
-19.113317,63.448230,0
-19.112642,63.448385,0
-19.111901,63.448576,0
-19.111294,63.448749,0
-19.110663,63.448937,0
-19.109002,63.449447,0
-19.107923,63.449765,0
-19.107162,63.449970,0
-19.106382,63.450157,0
-19.105762,63.450279,0
-19.104958,63.450419,0
-19.104166,63.450530,0
-19.103396,63.450614,0
-19.100527,63.450857,0
-19.099982,63.450904,0
-19.098807,63.451019,0
-19.098478,63.451058,0
-19.097838,63.451141,0
-19.097198,63.451236,0
-19.096890,63.451291,0
-19.096375,63.451395,0
-19.095891,63.451503,0
-19.095369,63.451639,0
-19.094953,63.451755,0
-19.094432,63.451919,0
-19.093761,63.452147,0
-19.092287,63.452660,0
-19.091492,63.452933,0
-19.090990,63.453096,0
-19.090560,63.453209,0
-19.090270,63.453281,0
-19.089883,63.453366,0
-19.089364,63.453470,0
-19.088767,63.453577,0
-19.088120,63.453685,0
-19.087374,63.453797,0
-19.086528,63.453912,0
-19.079741,63.454755,0
-19.075934,63.455235,0
-19.075372,63.455290,0
-19.074828,63.455331,0
-19.074299,63.455359,0
-19.073634,63.455369,0
-19.072970,63.455358,0
-19.072309,63.455329,0
-19.071977,63.455306,0
-19.071656,63.455279,0
-19.070428,63.455150,0
-19.069071,63.455002,0
-19.068413,63.454937,0
-19.067936,63.454900,0
-19.067409,63.454875,0
-19.066328,63.454854,0
-19.066078,63.454850,0
-19.065733,63.454840,0
-19.065445,63.454822,0
-19.065143,63.454790,0
-19.064893,63.454746,0
-19.064576,63.454665,0
-19.064308,63.454586,0
-19.064049,63.454496,0
-19.063823,63.454401,0
-19.063623,63.454296,0
-19.063552,63.454252,0
-19.063452,63.454184,0
-19.063306,63.454065,0
-19.063182,63.453941,0
-19.063090,63.453817,0
-19.063021,63.453694,0
-19.062875,63.453318,0
-19.062800,63.453198,0
-19.062701,63.453090,0
-19.062568,63.452991,0
-19.062400,63.452908,0
-19.062202,63.452841,0
-19.061987,63.452796,0
-19.061758,63.452769,0
-19.061531,63.452763,0
-19.061301,63.452776,0
-19.061090,63.452809,0
-19.060880,63.452861,0
-19.060673,63.452922,0
-19.058776,63.453564,0
-19.058022,63.453826,0
-19.057502,63.453989,0
-19.057231,63.454053,0
-19.057051,63.454082,0
-19.056938,63.454100,0
-19.056634,63.454132,0
-19.056329,63.454146,0
-19.056032,63.454148,0
-19.055726,63.454137,0
-19.055529,63.454121,0
-19.055429,63.454113,0
-19.054566,63.454024,0
-19.054255,63.453999,0
-19.053946,63.453980,0
-19.053563,63.453970,0
-19.053321,63.453974,0
-19.052995,63.453988,0
-19.052612,63.454019,0
-19.052158,63.454064,0
-19.051544,63.454157,0
-19.050304,63.454333,0
-19.049532,63.454373,0
-19.049370,63.454385,0
-19.049157,63.454397,0
-19.048980,63.454393,0
-19.048889,63.454379,0
-19.048830,63.454358,0
-19.048778,63.454325,0
-19.048737,63.454276,0
-19.048654,63.454174,0
-19.048571,63.453787,0
-19.048560,63.453589,0
-19.048631,63.453295,0
-19.048791,63.452946,0
-19.048956,63.452708,0
-19.049150,63.452478,0
-19.049513,63.452113,0
-19.049543,63.452082,0
-19.052612,63.448925,0
-19.053157,63.448406,0
-19.053458,63.448154,0
-19.053792,63.447899,0
-19.054504,63.447383,0
-19.055814,63.446489,0
-19.056408,63.446063,0
-19.056733,63.445832,0
-19.057038,63.445588,0
-19.057392,63.445253,0
-19.057680,63.444907,0
-19.058321,63.444015,0
-19.058951,63.443120,0
-19.059202,63.442768,0
-19.059342,63.442546,0
-19.059447,63.442311,0
-19.059513,63.442017,0
-19.059686,63.440156,0
-19.059885,63.438288,0
-19.059889,63.438040,0
-19.059872,63.437787,0
-19.059825,63.437609,0
-19.059743,63.437408,0
-19.059616,63.437203,0
-19.059397,63.436911,0
-19.059146,63.436651,0
-19.058933,63.436472,0
-19.058662,63.436286,0
-19.058480,63.436165,0
-19.058098,63.435945,0
-19.057160,63.435438,0
-19.056733,63.435187,0
-19.056373,63.434921,0
-19.056029,63.434643,0
-19.055666,63.434256,0
-19.054651,63.433108,0
-19.053634,63.431947,0
-19.051668,63.429688,0
-19.051504,63.429451,0
-19.051340,63.429132,0
-19.051242,63.428860,0
-19.051204,63.428459,0
-19.051174,63.427796,0
-19.051118,63.426757,0
-19.051109,63.425993,0
-19.051074,63.425583,0
-19.051059,63.425432,0
-19.051055,63.425338,0
-19.050968,63.425205,0
-19.050785,63.424909,0
-19.050603,63.424630,0
-19.050525,63.424478,0
-19.049984,63.423435,0
-19.049340,63.422403,0
-19.049132,63.422122,0
-19.047871,63.419968,0
-19.047831,63.419803,0
-19.047872,63.419675,0
-19.047926,63.419556,0
-19.047981,63.419475,0
-19.048005,63.419434,0
-19.048103,63.419330,0
-19.048630,63.418735,0
-19.048786,63.418483,0
-19.048807,63.418364,0
-19.048817,63.418233,0
-19.048787,63.418109,0
-19.048724,63.417988,0
-19.048567,63.417748,0
-19.048244,63.417328,0
-19.048109,63.417025,0
-19.048057,63.416750,0
-19.048039,63.415645,0
-19.047983,63.414647,0
-19.047955,63.414135,0
-19.047984,63.413900,0
-19.048304,63.413074,0
-19.048347,63.412837,0
-19.048330,63.412566,0
-19.048038,63.411476,0
-19.048044,63.411210,0
-19.048278,63.410663,0
-19.048334,63.410532,0
-19.048367,63.410369,0
-19.048334,63.410193,0
-19.047969,63.409520,0
-19.047902,63.409339,0
-19.047845,63.409139,0
-19.047908,63.407470,0
-19.047908,63.407439,0
-19.048467,63.407517,0
-19.048505,63.407466,0
-19.048578,63.407449,0
-19.048689,63.407409,0
-19.048889,63.407106,0
-19.048889,63.407106,0
-19.048836,63.407076,0
-19.048659,63.407054,0
-19.048578,63.407071,0
-19.048397,63.407373,0
-19.048396,63.407420,0
-19.048505,63.407466,0
-19.048467,63.407517,0
-19.047908,63.407439,0
-19.047908,63.407470,0
-19.047845,63.409139,0
-19.047902,63.409339,0
-19.047969,63.409520,0
-19.048334,63.410193,0
-19.048367,63.410369,0
-19.048334,63.410532,0
-19.048278,63.410663,0
-19.048044,63.411210,0
-19.048038,63.411476,0
-19.048330,63.412566,0
-19.048347,63.412837,0
-19.048304,63.413074,0
-19.047984,63.413900,0
-19.047955,63.414135,0
-19.047983,63.414647,0
-19.048039,63.415645,0
-19.048057,63.416750,0
-19.048109,63.417025,0
-19.048244,63.417328,0
-19.048567,63.417748,0
-19.048724,63.417988,0
-19.048787,63.418109,0
-19.048817,63.418233,0
-19.048807,63.418364,0
-19.048786,63.418483,0
-19.048630,63.418735,0
-19.048103,63.419330,0
-19.048005,63.419434,0
-19.047981,63.419475,0
-19.047926,63.419556,0
-19.047872,63.419675,0
-19.047831,63.419803,0
-19.047871,63.419968,0
-19.049132,63.422122,0
-19.049340,63.422403,0
-19.049984,63.423435,0
-19.050525,63.424478,0
-19.050603,63.424630,0
-19.050785,63.424909,0
-19.050968,63.425205,0
-19.051055,63.425338,0
-19.051059,63.425432,0
-19.051074,63.425583,0
-19.051109,63.425993,0
-19.051118,63.426757,0
-19.051174,63.427796,0
-19.051204,63.428459,0
-19.051242,63.428860,0
-19.051340,63.429132,0
-19.051504,63.429451,0
-19.051668,63.429688,0
-19.053634,63.431947,0
-19.054651,63.433108,0
-19.055666,63.434256,0
-19.056029,63.434643,0
-19.056373,63.434921,0
-19.056733,63.435187,0
-19.057160,63.435438,0
-19.058098,63.435945,0
-19.058480,63.436165,0
-19.058662,63.436286,0
-19.058933,63.436472,0
-19.059146,63.436651,0
-19.059397,63.436911,0
-19.059616,63.437203,0
-19.059743,63.437408,0
-19.059825,63.437609,0
-19.059872,63.437787,0
-19.059889,63.438040,0
-19.059885,63.438288,0
-19.059686,63.440156,0
-19.059513,63.442017,0
-19.059447,63.442311,0
-19.059342,63.442546,0
-19.059202,63.442768,0
-19.058951,63.443120,0
-19.058321,63.444015,0
-19.057680,63.444907,0
-19.057392,63.445253,0
-19.057038,63.445588,0
-19.056733,63.445832,0
-19.056408,63.446063,0
-19.055814,63.446489,0
-19.054504,63.447383,0
-19.053792,63.447899,0
-19.053458,63.448154,0
-19.053157,63.448406,0
-19.052612,63.448925,0
-19.049543,63.452082,0
-19.049513,63.452113,0
-19.049150,63.452478,0
-19.048956,63.452708,0
-19.048791,63.452946,0
-19.048631,63.453295,0
-19.048560,63.453589,0
-19.048571,63.453787,0
-19.048654,63.454174,0
-19.048714,63.454386,0
-19.048756,63.454461,0
-19.048808,63.454554,0
-19.049116,63.454512,0
-19.049568,63.454450,0
-19.050304,63.454333,0
-19.051544,63.454157,0
-19.052158,63.454064,0
-19.052612,63.454019,0
-19.052995,63.453988,0
-19.053321,63.453974,0
-19.053563,63.453970,0
-19.053946,63.453980,0
-19.054255,63.453999,0
-19.054566,63.454024,0
-19.055429,63.454113,0
-19.055529,63.454121,0
-19.055726,63.454137,0
-19.056032,63.454148,0
-19.056329,63.454146,0
-19.056634,63.454132,0
-19.056938,63.454100,0
-19.057051,63.454082,0
-19.057231,63.454053,0
-19.057502,63.453989,0
-19.058022,63.453826,0
-19.058776,63.453564,0
-19.060673,63.452922,0
-19.060880,63.452861,0
-19.061090,63.452809,0
-19.061301,63.452776,0
-19.061531,63.452763,0
-19.061758,63.452769,0
-19.061987,63.452796,0
-19.062202,63.452841,0
-19.062400,63.452908,0
-19.062568,63.452991,0
-19.062701,63.453090,0
-19.062800,63.453198,0
-19.062875,63.453318,0
-19.063021,63.453694,0
-19.063090,63.453817,0
-19.063182,63.453941,0
-19.063306,63.454065,0
-19.063452,63.454184,0
-19.063552,63.454252,0
-19.063623,63.454296,0
-19.063823,63.454401,0
-19.064049,63.454496,0
-19.064308,63.454586,0
-19.064576,63.454665,0
-19.064893,63.454746,0
-19.065143,63.454790,0
-19.065445,63.454822,0
-19.065733,63.454840,0
-19.066078,63.454850,0
-19.066328,63.454854,0
-19.067409,63.454875,0
-19.067936,63.454900,0
-19.068413,63.454937,0
-19.069071,63.455002,0
-19.070428,63.455150,0
-19.071656,63.455279,0
-19.071977,63.455306,0
-19.072309,63.455329,0
-19.072970,63.455358,0
-19.073634,63.455369,0
-19.074299,63.455359,0
-19.074828,63.455331,0
-19.075372,63.455290,0
-19.075934,63.455235,0
-19.079741,63.454755,0
-19.086528,63.453912,0
-19.087374,63.453797,0
-19.088120,63.453685,0
-19.088767,63.453577,0
-19.089364,63.453470,0
-19.089883,63.453366,0
-19.090270,63.453281,0
-19.090560,63.453209,0
-19.090990,63.453096,0
-19.091492,63.452933,0
-19.092287,63.452660,0
-19.093761,63.452147,0
-19.094432,63.451919,0
-19.094953,63.451755,0
-19.095369,63.451639,0
-19.095891,63.451503,0
-19.096375,63.451395,0
-19.096890,63.451291,0
-19.097198,63.451236,0
-19.097838,63.451141,0
-19.098478,63.451058,0
-19.098807,63.451019,0
-19.099982,63.450904,0
-19.100527,63.450857,0
-19.103396,63.450614,0
-19.104166,63.450530,0
-19.104958,63.450419,0
-19.105762,63.450279,0
-19.106382,63.450157,0
-19.107162,63.449970,0
-19.107923,63.449765,0
-19.109002,63.449447,0
-19.110663,63.448937,0
-19.111294,63.448749,0
-19.111901,63.448576,0
-19.112642,63.448385,0
-19.113317,63.448230,0
-19.113963,63.448091,0
-19.114639,63.447967,0
-19.115411,63.447852,0
-19.116171,63.447757,0
-19.116914,63.447677,0
-19.117523,63.447621,0
-19.118281,63.447570,0
-19.119084,63.447536,0
-19.119750,63.447512,0
-19.120770,63.447491,0
-19.123443,63.447438,0
-19.124920,63.447417,0
-19.126767,63.447384,0
-19.129791,63.447336,0
-19.131290,63.447307,0
-19.131873,63.447289,0
-19.132391,63.447263,0
-19.132881,63.447229,0
-19.133376,63.447186,0
-19.133856,63.447135,0
-19.134332,63.447068,0
-19.134941,63.446968,0
-19.135549,63.446847,0
-19.136230,63.446693,0
-19.136764,63.446548,0
-19.137095,63.446448,0
-19.137621,63.446274,0
-19.138135,63.446071,0
-19.138411,63.445944,0
-19.138593,63.445850,0
-19.139505,63.445301,0
-19.139676,63.445196,0
-19.139831,63.445090,0
-19.141287,63.443955,0
-19.141518,63.443765,0
-19.143138,63.442435,0
-19.143496,63.442192,0
-19.143865,63.441954,0
-19.144476,63.441606,0
-19.145170,63.441294,0
-19.145528,63.441148,0
-19.145935,63.441013,0
-19.146878,63.440721,0
-19.147030,63.440674,0
-19.148438,63.440283,0
-19.151241,63.439476,0
-19.153653,63.438809,0
-19.155991,63.438108,0
-19.156428,63.437968,0
-19.156896,63.437795,0
-19.158968,63.436977,0
-19.161250,63.436070,0
-19.161666,63.435916,0
-19.162235,63.435720,0
-19.162896,63.435510,0
-19.166448,63.434403,0
-19.170046,63.433257,0
-19.172224,63.432614,0
-19.172652,63.432492,0
-19.173188,63.432344,0
-19.173709,63.432202,0
-19.174224,63.432069,0
-19.174686,63.431959,0
-19.175022,63.431885,0
-19.175336,63.431819,0
-19.175671,63.431758,0
-19.176018,63.431701,0
-19.176324,63.431656,0
-19.176679,63.431611,0
-19.177055,63.431572,0
-19.177437,63.431537,0
-19.177895,63.431504,0
-19.178387,63.431472,0
-19.178953,63.431447,0
-19.179315,63.431437,0
-19.179886,63.431433,0
-19.180772,63.431452,0
-19.181175,63.431468,0
-19.181930,63.431510,0
-19.182504,63.431562,0
-19.183006,63.431613,0
-19.183514,63.431679,0
-19.183983,63.431744,0
-19.184439,63.431818,0
-19.184908,63.431899,0
-19.185374,63.431994,0
-19.185751,63.432077,0
-19.186128,63.432165,0
-19.186506,63.432261,0
-19.186951,63.432382,0
-19.187422,63.432521,0
-19.187933,63.432690,0
-19.188553,63.432917,0
-19.188977,63.433091,0
-19.189424,63.433284,0
-19.189780,63.433458,0
-19.190185,63.433667,0
-19.190665,63.433949,0
-19.191061,63.434209,0
-19.191395,63.434445,0
-19.191744,63.434722,0
-19.191852,63.434819,0
-19.192122,63.435065,0
-19.192432,63.435385,0
-19.192646,63.435620,0
-19.194127,63.437220,0
-19.205101,63.448951,0
-19.206953,63.450905,0
-19.207375,63.451272,0
-19.207709,63.451514,0
-19.208104,63.451766,0
-19.220779,63.458705,0
-19.221544,63.459104,0
-19.222226,63.459434,0
-19.223020,63.459797,0
-19.223760,63.460089,0
-19.224718,63.460425,0
-19.226043,63.460835,0
-19.226956,63.461117,0
-19.228095,63.461462,0
-19.228895,63.461709,0
-19.230139,63.462092,0
-19.230549,63.462218,0
-19.232018,63.462674,0
-19.233394,63.463107,0
-19.234335,63.463438,0
-19.235127,63.463747,0
-19.236127,63.464149,0
-19.249954,63.469828,0
-19.251746,63.470568,0
-19.254797,63.471805,0
-19.255236,63.471963,0
-19.255608,63.472088,0
-19.256149,63.472250,0
-19.256594,63.472364,0
-19.256944,63.472445,0
-19.257560,63.472564,0
-19.258176,63.472666,0
-19.260567,63.473035,0
-19.284291,63.476595,0
-19.296597,63.478440,0
-19.307011,63.479988,0
-19.309254,63.480324,0
-19.310735,63.480546,0
-19.315017,63.481183,0
-19.316065,63.481343,0
-19.316693,63.481433,0
-19.317357,63.481525,0
-19.318126,63.481614,0
-19.318886,63.481690,0
-19.319667,63.481747,0
-19.321022,63.481819,0
-19.322253,63.481884,0
-19.323166,63.481940,0
-19.323846,63.481987,0
-19.324429,63.482035,0
-19.325088,63.482096,0
-19.325973,63.482198,0
-19.326815,63.482324,0
-19.327697,63.482470,0
-19.328577,63.482638,0
-19.329512,63.482850,0
-19.330262,63.483043,0
-19.330916,63.483225,0
-19.331766,63.483481,0
-19.332584,63.483755,0
-19.333589,63.484100,0
-19.335463,63.484729,0
-19.338232,63.485664,0
-19.339571,63.486099,0
-19.340476,63.486376,0
-19.341513,63.486683,0
-19.343499,63.487220,0
-19.344803,63.487531,0
-19.345993,63.487789,0
-19.348496,63.488301,0
-19.350222,63.488649,0
-19.350711,63.488749,0
-19.363594,63.491284,0
-19.396023,63.497752,0
-19.397632,63.498072,0
-19.399349,63.498394,0
-19.402237,63.498981,0
-19.404289,63.499396,0
-19.405306,63.499604,0
-19.406062,63.499751,0
-19.408553,63.500251,0
-19.409985,63.500578,0
-19.411282,63.500918,0
-19.413629,63.501578,0
-19.429954,63.506088,0
-19.433720,63.507145,0
-19.438151,63.508375,0
-19.442936,63.509687,0
-19.446670,63.510744,0
-19.449545,63.511534,0
-19.451745,63.512132,0
-19.455101,63.513061,0
-19.457873,63.513828,0
-19.460479,63.514540,0
-19.462189,63.514972,0
-19.463828,63.515335,0
-19.464987,63.515541,0
-19.466102,63.515707,0
-19.468154,63.515958,0
-19.506566,63.519773,0
-19.508776,63.519997,0
-19.516102,63.520711,0
-19.518372,63.520934,0
-19.520732,63.521177,0
-19.522633,63.521363,0
-19.523531,63.521452,0
-19.523718,63.521469,0
-19.528917,63.521968,0
-19.532010,63.522310,0
-19.537594,63.523054,0
-19.539011,63.523225,0
-19.540080,63.523334,0
-19.540815,63.523402,0
-19.541397,63.523439,0
-19.542083,63.523476,0
-19.542868,63.523500,0
-19.544308,63.523523,0
-19.544975,63.523520,0
-19.545760,63.523507,0
-19.547232,63.523470,0
-19.551251,63.523373,0
-19.554034,63.523303,0
-19.561251,63.523117,0
-19.561982,63.523092,0
-19.562642,63.523060,0
-19.563433,63.523013,0
-19.564059,63.522964,0
-19.564714,63.522906,0
-19.565994,63.522767,0
-19.567990,63.522565,0
-19.570739,63.522280,0
-19.571174,63.522243,0
-19.571681,63.522219,0
-19.572150,63.522205,0
-19.572596,63.522204,0
-19.573357,63.522225,0
-19.574105,63.522269,0
-19.574676,63.522319,0
-19.575435,63.522406,0
-19.576175,63.522517,0
-19.577378,63.522746,0
-19.582234,63.523753,0
-19.583332,63.523992,0
-19.592083,63.525797,0
-19.596951,63.526820,0
-19.601785,63.527801,0
-19.602759,63.528009,0
-19.603037,63.528072,0
-19.603838,63.528240,0
-19.604355,63.528342,0
-19.605143,63.528502,0
-19.607315,63.528954,0
-19.609357,63.529373,0
-19.612244,63.529971,0
-19.614715,63.530471,0
-19.617353,63.531010,0
-19.617824,63.531110,0
-19.622690,63.532096,0
-19.631108,63.533827,0
-19.633337,63.534286,0
-19.635137,63.534664,0
-19.636498,63.534980,0
-19.637674,63.535242,0
-19.638842,63.535526,0
-19.639395,63.535666,0
-19.640015,63.535837,0
-19.640520,63.535977,0
-19.641630,63.536296,0
-19.642365,63.536513,0
-19.643084,63.536736,0
-19.643987,63.537026,0
-19.644144,63.537076,0
-19.646015,63.537717,0
-19.648603,63.538676,0
-19.650490,63.539383,0
-19.652558,63.540144,0
-19.653488,63.540485,0
-19.656160,63.541473,0
-19.656913,63.541740,0
-19.657607,63.541975,0
-19.658145,63.542138,0
-19.658596,63.542245,0
-19.659223,63.542379,0
-19.659746,63.542474,0
-19.660378,63.542570,0
-19.660945,63.542631,0
-19.661686,63.542702,0
-19.662647,63.542778,0
-19.665029,63.542980,0
-19.667738,63.543207,0
-19.667875,63.543218,0
-19.669498,63.543337,0
-19.669713,63.543354,0
-19.670203,63.543391,0
-19.671164,63.543451,0
-19.671753,63.543464,0
-19.672403,63.543453,0
-19.673063,63.543429,0
-19.673545,63.543402,0
-19.674538,63.543338,0
-19.676433,63.543192,0
-19.679445,63.542948,0
-19.681908,63.542770,0
-19.682061,63.542759,0
-19.682914,63.542693,0
-19.683529,63.542657,0
-19.684064,63.542642,0
-19.684456,63.542635,0
-19.684837,63.542634,0
-19.685214,63.542648,0
-19.685659,63.542674,0
-19.687167,63.542775,0
-19.687555,63.542796,0
-19.688028,63.542815,0
-19.688560,63.542819,0
-19.689097,63.542808,0
-19.690369,63.542749,0
-19.691051,63.542711,0
-19.691794,63.542689,0
-19.692616,63.542695,0
-19.693111,63.542714,0
-19.693562,63.542744,0
-19.694125,63.542800,0
-19.695564,63.542959,0
-19.696358,63.543050,0
-19.696929,63.543102,0
-19.698062,63.543150,0
-19.699814,63.543157,0
-19.700363,63.543161,0
-19.701065,63.543162,0
-19.701748,63.543171,0
-19.702311,63.543190,0
-19.702950,63.543237,0
-19.703659,63.543318,0
-19.704758,63.543471,0
-19.705356,63.543557,0
-19.706049,63.543658,0
-19.707492,63.543878,0
-19.709002,63.544098,0
-19.711032,63.544399,0
-19.711779,63.544492,0
-19.712225,63.544533,0
-19.712758,63.544561,0
-19.713466,63.544576,0
-19.716066,63.544581,0
-19.717037,63.544578,0
-19.717629,63.544561,0
-19.718302,63.544527,0
-19.719066,63.544486,0
-19.719770,63.544453,0
-19.720380,63.544437,0
-19.721111,63.544432,0
-19.721582,63.544448,0
-19.721956,63.544464,0
-19.722263,63.544489,0
-19.722658,63.544527,0
-19.723019,63.544568,0
-19.723814,63.544677,0
-19.725208,63.544894,0
-19.727330,63.545230,0
-19.728513,63.545423,0
-19.731203,63.545837,0
-19.732668,63.546050,0
-19.732795,63.546067,0
-19.733763,63.546191,0
-19.734910,63.546312,0
-19.736271,63.546431,0
-19.741064,63.546780,0
-19.742498,63.546880,0
-19.743276,63.546946,0
-19.743960,63.547023,0
-19.744708,63.547128,0
-19.745510,63.547272,0
-19.746252,63.547436,0
-19.746949,63.547625,0
-19.749127,63.548276,0
-19.749357,63.548345,0
-19.749926,63.548495,0
-19.750441,63.548609,0
-19.751121,63.548744,0
-19.751959,63.548869,0
-19.752465,63.548935,0
-19.753206,63.549007,0
-19.755194,63.549142,0
-19.762099,63.549584,0
-19.763145,63.549667,0
-19.769353,63.550256,0
-19.773576,63.550674,0
-19.775241,63.550850,0
-19.775923,63.550932,0
-19.776625,63.551050,0
-19.777211,63.551186,0
-19.778208,63.551435,0
-19.779088,63.551687,0
-19.786147,63.553679,0
-19.789527,63.554644,0
-19.791869,63.555293,0
-19.794579,63.556072,0
-19.796313,63.556565,0
-19.797842,63.556999,0
-19.797728,63.557094,0
-19.797691,63.557135,0
-19.797656,63.557189,0
-19.797634,63.557243,0
-19.797625,63.557303,0
-19.797625,63.557363,0
-19.797644,63.557500,0
-19.798795,63.565799,0
-19.798841,63.566050,0
-19.798898,63.566238,0
-19.798953,63.566376,0
-19.799204,63.566709,0
-19.799563,63.567029,0
-19.799831,63.567249,0
-19.801879,63.568735,0
-19.799769,63.569467,0
-19.795201,63.571094,0
-19.795121,63.571134,0
-19.795073,63.571194,0
-19.795057,63.571259,0
-19.795105,63.571315,0
-19.795524,63.571544,0
-19.795557,63.571562,0
-19.795105,63.571315,0
-19.795057,63.571259,0
-19.795073,63.571194,0
-19.795121,63.571134,0
-19.795201,63.571094,0
-19.799769,63.569467,0
-19.801879,63.568735,0
-19.799831,63.567249,0
-19.799563,63.567029,0
-19.799204,63.566709,0
-19.798953,63.566376,0
-19.798898,63.566238,0
-19.798841,63.566050,0
-19.798795,63.565799,0
-19.797644,63.557500,0
-19.797625,63.557363,0
-19.797625,63.557303,0
-19.797634,63.557243,0
-19.797656,63.557189,0
-19.797691,63.557135,0
-19.797728,63.557094,0
-19.797842,63.556999,0
-19.800166,63.557658,0
-19.803129,63.558499,0
-19.805687,63.559247,0
-19.808573,63.560072,0
-19.809826,63.560402,0
-19.811157,63.560739,0
-19.812123,63.560982,0
-19.814203,63.561472,0
-19.814962,63.561641,0
-19.816596,63.561994,0
-19.817284,63.562132,0
-19.818080,63.562258,0
-19.818783,63.562349,0
-19.819613,63.562444,0
-19.820220,63.562504,0
-19.821078,63.562563,0
-19.822763,63.562666,0
-19.826323,63.562871,0
-19.830090,63.563117,0
-19.830612,63.563149,0
-19.832466,63.563309,0
-19.834090,63.563456,0
-19.835201,63.563570,0
-19.836642,63.563742,0
-19.838172,63.563955,0
-19.841169,63.564383,0
-19.841671,63.564456,0
-19.844068,63.564805,0
-19.844557,63.564876,0
-19.845372,63.564998,0
-19.846073,63.565125,0
-19.846788,63.565275,0
-19.849583,63.565936,0
-19.852483,63.566643,0
-19.855318,63.567312,0
-19.858179,63.567993,0
-19.863455,63.569269,0
-19.864173,63.569432,0
-19.865427,63.569716,0
-19.871747,63.571233,0
-19.876537,63.572373,0
-19.879601,63.573094,0
-19.902508,63.578272,0
-19.903032,63.578387,0
-19.915834,63.581306,0
-19.917080,63.581574,0
-19.917930,63.581743,0
-19.918502,63.581840,0
-19.918692,63.581872,0
-19.919427,63.581987,0
-19.920120,63.582080,0
-19.921402,63.582237,0
-19.924060,63.582550,0
-19.926893,63.582875,0
-19.928279,63.583052,0
-19.928645,63.583101,0
-19.929881,63.583305,0
-19.931272,63.583577,0
-19.932985,63.583981,0
-19.936012,63.584812,0
-19.950716,63.589149,0
-19.959309,63.591655,0
-19.962045,63.592447,0
-19.965446,63.593435,0
-19.968485,63.594345,0
-19.970788,63.595005,0
-19.971883,63.595358,0
-19.972487,63.595573,0
-19.973073,63.595807,0
-19.973868,63.596170,0
-19.974611,63.596574,0
-19.979170,63.599268,0
-19.980346,63.599957,0
-19.988089,63.604512,0
-19.990715,63.606076,0
-19.993738,63.607850,0
-19.993900,63.607938,0
-19.995273,63.608753,0
-19.997056,63.609739,0
-19.997362,63.609892,0
-19.999306,63.610863,0
-20.000166,63.611270,0
-20.000386,63.611367,0
-20.001461,63.611838,0
-20.002171,63.612152,0
-20.004939,63.613194,0
-20.005474,63.613398,0
-20.007752,63.614129,0
-20.011369,63.615317,0
-20.016109,63.616783,0
-20.017304,63.617160,0
-20.019410,63.617823,0
-20.019693,63.617912,0
-20.021606,63.618584,0
-20.023256,63.619229,0
-20.023841,63.619475,0
-20.024371,63.619707,0
-20.024956,63.619986,0
-20.025499,63.620256,0
-20.026114,63.620576,0
-20.026608,63.620843,0
-20.027603,63.621393,0
-20.028226,63.621778,0
-20.029063,63.622308,0
-20.030314,63.623139,0
-20.031098,63.623745,0
-20.031916,63.624439,0
-20.032542,63.625047,0
-20.033205,63.625727,0
-20.035047,63.627708,0
-20.037033,63.629833,0
-20.038962,63.631908,0
-20.040872,63.633953,0
-20.041667,63.634776,0
-20.041902,63.635019,0
-20.042935,63.635995,0
-20.044004,63.636900,0
-20.044953,63.637633,0
-20.045341,63.637909,0
-20.046934,63.639035,0
-20.047506,63.639407,0
-20.049996,63.640876,0
-20.050959,63.641409,0
-20.052171,63.642013,0
-20.052790,63.642321,0
-20.055340,63.643456,0
-20.056211,63.643815,0
-20.058216,63.644596,0
-20.059129,63.644932,0
-20.061277,63.645670,0
-20.063441,63.646373,0
-20.064882,63.646811,0
-20.066174,63.647203,0
-20.068924,63.648052,0
-20.071526,63.648852,0
-20.074219,63.649684,0
-20.076883,63.650492,0
-20.079675,63.651366,0
-20.082518,63.652244,0
-20.085244,63.653100,0
-20.086039,63.653353,0
-20.086368,63.653463,0
-20.087904,63.653968,0
-20.090450,63.654857,0
-20.091356,63.655181,0
-20.093303,63.655918,0
-20.093961,63.656176,0
-20.096103,63.657083,0
-20.097486,63.657661,0
-20.098800,63.658277,0
-20.101355,63.659488,0
-20.103968,63.660783,0
-20.106466,63.662083,0
-20.109029,63.663372,0
-20.111544,63.664682,0
-20.112828,63.665340,0
-20.116760,63.667380,0
-20.119417,63.668737,0
-20.121798,63.669841,0
-20.122842,63.670258,0
-20.123472,63.670499,0
-20.124742,63.670930,0
-20.126159,63.671379,0
-20.127512,63.671774,0
-20.128703,63.672085,0
-20.130268,63.672458,0
-20.131498,63.672713,0
-20.144121,63.675121,0
-20.146521,63.675597,0
-20.146992,63.675696,0
-20.148705,63.676030,0
-20.149846,63.676280,0
-20.150708,63.676477,0
-20.151849,63.676750,0
-20.152894,63.677027,0
-20.154076,63.677381,0
-20.154921,63.677657,0
-20.173439,63.683895,0
-20.197493,63.691992,0
-20.198245,63.692253,0
-20.198658,63.692410,0
-20.199204,63.692634,0
-20.199753,63.692872,0
-20.200120,63.693043,0
-20.200462,63.693210,0
-20.201021,63.693504,0
-20.201861,63.693992,0
-20.202121,63.694143,0
-20.202901,63.694621,0
-20.203858,63.695227,0
-20.206955,63.697152,0
-20.208546,63.698113,0
-20.210166,63.699119,0
-20.210210,63.699150,0
-20.211647,63.700092,0
-20.212487,63.700638,0
-20.213106,63.701069,0
-20.214557,63.702127,0
-20.214586,63.702148,0
-20.214807,63.702312,0
-20.215079,63.702538,0
-20.215733,63.703120,0
-20.216151,63.703499,0
-20.217630,63.704905,0
-20.218596,63.705842,0
-20.219681,63.706898,0
-20.221420,63.708542,0
-20.223497,63.710587,0
-20.224560,63.711623,0
-20.225711,63.712745,0
-20.227160,63.714126,0
-20.227691,63.714659,0
-20.230082,63.716959,0
-20.230538,63.717394,0
-20.231207,63.718056,0
-20.231520,63.718371,0
-20.231931,63.718833,0
-20.232225,63.719189,0
-20.232565,63.719638,0
-20.232799,63.719972,0
-20.233016,63.720332,0
-20.233275,63.720807,0
-20.233471,63.721170,0
-20.233571,63.721411,0
-20.233688,63.721721,0
-20.233851,63.722279,0
-20.234011,63.722927,0
-20.234334,63.724820,0
-20.234435,63.725337,0
-20.234539,63.725933,0
-20.234818,63.727929,0
-20.235039,63.729203,0
-20.235101,63.730048,0
-20.235127,63.731072,0
-20.235091,63.731599,0
-20.234977,63.732470,0
-20.234880,63.733247,0
-20.234717,63.735051,0
-20.234049,63.739017,0
-20.233745,63.740724,0
-20.233681,63.741080,0
-20.233560,63.741703,0
-20.233384,63.742727,0
-20.233251,63.743586,0
-20.232979,63.745189,0
-20.232830,63.745938,0
-20.232810,63.746103,0
-20.232715,63.746760,0
-20.232621,63.747020,0
-20.232551,63.747149,0
-20.232532,63.747247,0
-20.232530,63.747376,0
-20.232540,63.747518,0
-20.232550,63.747716,0
-20.232514,63.747961,0
-20.232468,63.748272,0
-20.232426,63.748597,0
-20.232396,63.748960,0
-20.232399,63.749085,0
-20.232438,63.749183,0
-20.232493,63.749248,0
-20.232605,63.749330,0
-20.232886,63.749546,0
-20.233412,63.749903,0
-20.233534,63.749986,0
-20.233807,63.750172,0
-20.233958,63.750272,0
-20.234493,63.750625,0
-20.235338,63.751177,0
-20.235524,63.751298,0
-20.236338,63.751825,0
-20.236475,63.751912,0
-20.238504,63.753205,0
-20.239667,63.753968,0
-20.243599,63.756470,0
-20.243813,63.756603,0
-20.245378,63.757592,0
-20.246535,63.758292,0
-20.247212,63.758677,0
-20.247891,63.759051,0
-20.248439,63.759325,0
-20.249520,63.759859,0
-20.249673,63.759932,0
-20.255428,63.762622,0
-20.257094,63.763384,0
-20.267935,63.768447,0
-20.269170,63.769007,0
-20.270797,63.769789,0
-20.272964,63.770876,0
-20.273899,63.771410,0
-20.274862,63.772024,0
-20.275682,63.772584,0
-20.277011,63.773594,0
-20.277946,63.774427,0
-20.278965,63.775273,0
-20.280152,63.776270,0
-20.280718,63.776756,0
-20.281332,63.777193,0
-20.282714,63.778307,0
-20.283276,63.778771,0
-20.284048,63.779337,0
-20.284798,63.779887,0
-20.285800,63.780562,0
-20.288291,63.782208,0
-20.290188,63.783531,0
-20.294759,63.786575,0
-20.296258,63.787564,0
-20.298753,63.789209,0
-20.299518,63.789703,0
-20.300355,63.790175,0
-20.301262,63.790595,0
-20.304999,63.792255,0
-20.308008,63.793550,0
-20.308388,63.793699,0
-20.311101,63.794899,0
-20.311566,63.795124,0
-20.311708,63.795193,0
-20.315359,63.797101,0
-20.315732,63.797298,0
-20.329101,63.804634,0
-20.329679,63.804971,0
-20.334442,63.807629,0
-20.335198,63.808096,0
-20.338917,63.810487,0
-20.341351,63.812135,0
-20.342020,63.812540,0
-20.342717,63.812905,0
-20.344324,63.813677,0
-20.347063,63.814845,0
-20.348168,63.815346,0
-20.349257,63.815890,0
-20.351012,63.816871,0
-20.351390,63.817097,0
-20.352034,63.817487,0
-20.352601,63.817865,0
-20.354486,63.819265,0
-20.356125,63.820494,0
-20.356482,63.820767,0
-20.356717,63.820938,0
-20.357953,63.821750,0
-20.358849,63.822323,0
-20.359812,63.822909,0
-20.360885,63.823492,0
-20.361900,63.823990,0
-20.363116,63.824537,0
-20.364119,63.824939,0
-20.365338,63.825349,0
-20.366468,63.825698,0
-20.367441,63.825994,0
-20.368453,63.826263,0
-20.370292,63.826710,0
-20.371845,63.827084,0
-20.374395,63.827658,0
-20.375854,63.827992,0
-20.376084,63.828044,0
-20.377267,63.828300,0
-20.379635,63.828821,0
-20.381504,63.829234,0
-20.384079,63.829803,0
-20.385690,63.830153,0
-20.388469,63.830782,0
-20.388789,63.830869,0
-20.389118,63.830943,0
-20.389934,63.831126,0
-20.393171,63.831853,0
-20.393917,63.832014,0
-20.394647,63.832171,0
-20.395407,63.832343,0
-20.395560,63.832379,0
-20.397211,63.832751,0
-20.398698,63.833077,0
-20.399144,63.833202,0
-20.399798,63.833389,0
-20.400445,63.833631,0
-20.401107,63.833913,0
-20.401753,63.834205,0
-20.401826,63.834243,0
-20.401878,63.834272,0
-20.401921,63.834303,0
-20.401951,63.834326,0
-20.402029,63.834378,0
-20.402010,63.834406,0
-20.402004,63.834436,0
-20.402018,63.834477,0
-20.402058,63.834516,0
-20.402120,63.834548,0
-20.402204,63.834572,0
-20.402323,63.834647,0
-20.402358,63.834675,0
-20.402566,63.834888,0
-20.402819,63.835179,0
-20.403050,63.835368,0
-20.403506,63.835623,0
-20.405115,63.836469,0
-20.405609,63.836761,0
-20.405801,63.836901,0
-20.405965,63.837042,0
-20.406286,63.837354,0
-20.406517,63.837668,0
-20.406741,63.838119,0
-20.407116,63.839155,0
-20.407216,63.839390,0
-20.407341,63.839755,0
-20.407479,63.840141,0
-20.407523,63.840265,0
-20.408030,63.841464,0
-20.408433,63.842021,0
-20.408851,63.842511,0
-20.409343,63.842982,0
-20.409966,63.843467,0
-20.410652,63.843955,0
-20.412999,63.845478,0
-20.414256,63.846266,0
-20.415155,63.846769,0
-20.415844,63.847123,0
-20.417861,63.848046,0
-20.418761,63.848478,0
-20.419551,63.848892,0
-20.419841,63.849078,0
-20.419911,63.849122,0
-20.420621,63.849576,0
-20.420727,63.849643,0
-20.421507,63.850166,0
-20.422516,63.850838,0
-20.423647,63.851607,0
-20.425362,63.852718,0
-20.427782,63.854317,0
-20.430187,63.855912,0
-20.431175,63.856571,0
-20.432625,63.857533,0
-20.435135,63.859178,0
-20.437632,63.860843,0
-20.439049,63.861773,0
-20.439228,63.861893,0
-20.440043,63.862437,0
-20.442131,63.863813,0
-20.442386,63.863984,0
-20.442795,63.864255,0
-20.443181,63.864521,0
-20.443716,63.864871,0
-20.444050,63.865070,0
-20.444505,63.865323,0
-20.444963,63.865545,0
-20.445493,63.865776,0
-20.446059,63.865989,0
-20.446554,63.866159,0
-20.447225,63.866361,0
-20.447967,63.866557,0
-20.448587,63.866695,0
-20.449508,63.866865,0
-20.450147,63.866966,0
-20.450793,63.867043,0
-20.451670,63.867115,0
-20.452493,63.867158,0
-20.455236,63.867216,0
-20.459764,63.867310,0
-20.462096,63.867360,0
-20.463050,63.867405,0
-20.463799,63.867466,0
-20.464559,63.867558,0
-20.465293,63.867679,0
-20.465650,63.867750,0
-20.466000,63.867828,0
-20.466340,63.867914,0
-20.466678,63.868003,0
-20.467007,63.868097,0
-20.467291,63.868180,0
-20.471632,63.869534,0
-20.474812,63.870575,0
-20.484152,63.873521,0
-20.495286,63.877058,0
-20.499909,63.878514,0
-20.500539,63.878715,0
-20.500731,63.878779,0
-20.501104,63.878912,0
-20.501291,63.878971,0
-20.501527,63.879034,0
-20.501756,63.879095,0
-20.501745,63.879135,0
-20.501757,63.879175,0
-20.501790,63.879212,0
-20.501844,63.879245,0
-20.501921,63.879273,0
-20.502013,63.879290,0
-20.502112,63.879296,0
-20.502180,63.879293,0
-20.502211,63.879290,0
-20.502304,63.879303,0
-20.502399,63.879320,0
-20.502503,63.879350,0
-20.502696,63.879410,0
-20.502929,63.879481,0
-20.503181,63.879559,0
-20.503436,63.879616,0
-20.507982,63.881092,0
-20.509851,63.881697,0
-20.513063,63.882708,0
-20.522153,63.885593,0
-20.530607,63.888255,0
-20.532147,63.888712,0
-20.532752,63.888885,0
-20.533752,63.889159,0
-20.535808,63.889640,0
-20.537184,63.889950,0
-20.538283,63.890163,0
-20.539547,63.890392,0
-20.541102,63.890642,0
-20.542617,63.890865,0
-20.545485,63.891244,0
-20.548646,63.891730,0
-20.550007,63.891939,0
-20.550905,63.892096,0
-20.553388,63.892599,0
-20.555905,63.893150,0
-20.559230,63.893912,0
-20.562259,63.894564,0
-20.565249,63.895242,0
-20.568739,63.896030,0
-20.569489,63.896196,0
-20.571003,63.896540,0
-20.573867,63.897185,0
-20.576010,63.897686,0
-20.578785,63.898289,0
-20.579338,63.898422,0
-20.583771,63.899450,0
-20.584861,63.899679,0
-20.585885,63.899935,0
-20.586644,63.900148,0
-20.587361,63.900415,0
-20.588091,63.900759,0
-20.588693,63.901111,0
-20.589325,63.901689,0
-20.589562,63.902003,0
-20.589697,63.902246,0
-20.589843,63.902589,0
-20.590421,63.904232,0
-20.590569,63.904645,0
-20.590820,63.905083,0
-20.591174,63.905510,0
-20.591513,63.905828,0
-20.593047,63.907011,0
-20.594485,63.908115,0
-20.595727,63.908886,0
-20.596891,63.909447,0
-20.597645,63.909749,0
-20.598322,63.909972,0
-20.599020,63.910198,0
-20.600388,63.910572,0
-20.602132,63.910934,0
-20.605929,63.911572,0
-20.609898,63.912233,0
-20.614801,63.913092,0
-20.631444,63.915995,0
-20.638230,63.917210,0
-20.638833,63.917318,0
-20.642946,63.918120,0
-20.643473,63.918223,0
-20.644663,63.918498,0
-20.646262,63.918902,0
-20.647156,63.919165,0
-20.648916,63.919699,0
-20.650766,63.920316,0
-20.653575,63.921423,0
-20.654924,63.922034,0
-20.656165,63.922627,0
-20.657443,63.923310,0
-20.658704,63.924052,0
-20.659330,63.924468,0
-20.659875,63.924849,0
-20.660716,63.925475,0
-20.661325,63.925972,0
-20.661755,63.926337,0
-20.662184,63.926719,0
-20.662588,63.927100,0
-20.663009,63.927536,0
-20.663965,63.928536,0
-20.664257,63.928850,0
-20.665037,63.929696,0
-20.665555,63.930234,0
-20.666360,63.931053,0
-20.667123,63.931890,0
-20.667801,63.932646,0
-20.668176,63.933164,0
-20.668402,63.933483,0
-20.668629,63.933819,0
-20.668927,63.934315,0
-20.669239,63.934935,0
-20.669374,63.935247,0
-20.669502,63.935577,0
-20.669732,63.936211,0
-20.669867,63.936658,0
-20.669992,63.937112,0
-20.670407,63.938578,0
-20.670646,63.939143,0
-20.670946,63.939660,0
-20.671297,63.940148,0
-20.671682,63.940614,0
-20.671895,63.940842,0
-20.672480,63.941379,0
-20.672753,63.941630,0
-20.673024,63.941857,0
-20.673561,63.942251,0
-20.674091,63.942610,0
-20.674666,63.942959,0
-20.675246,63.943287,0
-20.676506,63.943914,0
-20.677835,63.944557,0
-20.680393,63.945840,0
-20.682745,63.947085,0
-20.683973,63.947780,0
-20.685397,63.948624,0
-20.687862,63.950211,0
-20.688862,63.950861,0
-20.689163,63.951056,0
-20.690421,63.951712,0
-20.690737,63.951849,0
-20.691143,63.952002,0
-20.691871,63.952237,0
-20.692568,63.952422,0
-20.693025,63.952526,0
-20.693655,63.952646,0
-20.694321,63.952749,0
-20.695154,63.952860,0
-20.696034,63.952940,0
-20.696535,63.952973,0
-20.696968,63.952986,0
-20.697475,63.952990,0
-20.698365,63.952987,0
-20.698651,63.952987,0
-20.699026,63.952978,0
-20.700327,63.952963,0
-20.701328,63.952941,0
-20.702046,63.952924,0
-20.702301,63.952919,0
-20.704749,63.952868,0
-20.708142,63.952799,0
-20.710008,63.952764,0
-20.714688,63.952671,0
-20.715437,63.952652,0
-20.715953,63.952632,0
-20.716415,63.952613,0
-20.717120,63.952566,0
-20.717882,63.952508,0
-20.718650,63.952441,0
-20.719071,63.952398,0
-20.719839,63.952307,0
-20.720637,63.952196,0
-20.721256,63.952101,0
-20.721759,63.952014,0
-20.722862,63.951815,0
-20.725517,63.951305,0
-20.727786,63.950876,0
-20.731402,63.950190,0
-20.734995,63.949500,0
-20.737186,63.949109,0
-20.738403,63.948909,0
-20.740502,63.948586,0
-20.741384,63.948460,0
-20.742243,63.948352,0
-20.743238,63.948237,0
-20.744179,63.948139,0
-20.746588,63.947925,0
-20.749626,63.947688,0
-20.750877,63.947572,0
-20.751790,63.947469,0
-20.752714,63.947333,0
-20.753441,63.947199,0
-20.755501,63.946694,0
-20.757721,63.946116,0
-20.758205,63.946000,0
-20.758626,63.945907,0
-20.759065,63.945821,0
-20.759679,63.945722,0
-20.760342,63.945632,0
-20.761108,63.945556,0
-20.764163,63.945318,0
-20.765572,63.945176,0
-20.767135,63.944989,0
-20.770125,63.944569,0
-20.776153,63.943662,0
-20.776351,63.943636,0
-20.778445,63.943372,0
-20.779984,63.943233,0
-20.781409,63.943139,0
-20.782121,63.943098,0
-20.783040,63.943063,0
-20.784156,63.943043,0
-20.810509,63.942773,0
-20.814507,63.942732,0
-20.815457,63.942715,0
-20.816920,63.942703,0
-20.817269,63.942701,0
-20.818034,63.942694,0
-20.819240,63.942674,0
-20.820458,63.942682,0
-20.821950,63.942656,0
-20.822996,63.942670,0
-20.824027,63.942708,0
-20.825184,63.942776,0
-20.826903,63.942910,0
-20.829251,63.943114,0
-20.831436,63.943295,0
-20.833420,63.943423,0
-20.836226,63.943561,0
-20.838395,63.943632,0
-20.840503,63.943668,0
-20.842416,63.943688,0
-20.845903,63.943664,0
-20.848655,63.943629,0
-20.860198,63.943414,0
-20.862163,63.943386,0
-20.868911,63.943238,0
-20.889587,63.942736,0
-20.898754,63.942519,0
-20.905060,63.942369,0
-20.910503,63.942242,0
-20.912442,63.942197,0
-20.914141,63.942157,0
-20.923951,63.941934,0
-20.926190,63.941884,0
-20.926428,63.941877,0
-20.932734,63.941703,0
-20.936390,63.941611,0
-20.938773,63.941539,0
-20.940287,63.941470,0
-20.941941,63.941374,0
-20.943789,63.941251,0
-20.956943,63.940198,0
-20.957769,63.940132,0
-20.959708,63.939977,0
-20.965235,63.939565,0
-20.965944,63.939505,0
-20.966283,63.939477,0
-20.967452,63.939379,0
-20.969552,63.939203,0
-20.970286,63.939138,0
-20.970622,63.939099,0
-20.971075,63.939046,0
-20.971469,63.939019,0
-20.971684,63.939017,0
-20.971940,63.939044,0
-20.971989,63.939067,0
-20.972045,63.939086,0
-20.972169,63.939110,0
-20.972304,63.939117,0
-20.972437,63.939105,0
-20.972555,63.939075,0
-20.972590,63.939061,0
-20.972934,63.938993,0
-20.973622,63.938915,0
-20.974243,63.938860,0
-20.975759,63.938726,0
-20.976424,63.938670,0
-20.977187,63.938600,0
-20.977869,63.938538,0
-20.978246,63.938469,0
-20.978531,63.938419,0
-20.979338,63.938283,0
-20.979458,63.938263,0
-20.980810,63.938039,0
-20.981246,63.937971,0
-20.981374,63.937951,0
-20.982448,63.937773,0
-20.982916,63.937692,0
-20.983747,63.937548,0
-20.984252,63.937459,0
-20.984968,63.937353,0
-20.985567,63.937276,0
-20.986024,63.937232,0
-20.986438,63.937196,0
-20.986727,63.937176,0
-20.987077,63.937159,0
-20.987447,63.937151,0
-20.987907,63.937148,0
-20.988113,63.937147,0
-20.988824,63.937150,0
-20.989709,63.937157,0
-20.990224,63.937161,0
-20.991281,63.937171,0
-20.992366,63.937184,0
-20.992616,63.937186,0
-20.992899,63.937187,0
-20.993553,63.937199,0
-20.995272,63.937230,0
-20.995488,63.937231,0
-20.995934,63.937236,0
-20.996517,63.937243,0
-20.996985,63.937248,0
-20.997301,63.937252,0
-20.997552,63.937256,0
-20.998023,63.937263,0
-20.998786,63.937270,0
-20.999183,63.937279,0
-21.000429,63.937280,0
-21.000716,63.937280,0
-21.001570,63.937343,0
-21.002749,63.937419,0
-21.003052,63.937439,0
-21.003142,63.937448,0
-21.003206,63.937456,0
-21.003324,63.937484,0
-21.003403,63.937509,0
-21.003432,63.937539,0
-21.003475,63.937567,0
-21.003529,63.937590,0
-21.003594,63.937607,0
-21.003665,63.937618,0
-21.003811,63.937675,0
-21.003869,63.937712,0
-21.003928,63.937762,0
-21.003971,63.937809,0
-21.004073,63.937889,0
-21.004193,63.938053,0
-21.004494,63.938437,0
-21.005115,63.939199,0
-21.005218,63.939367,0
-21.005250,63.939421,0
-21.005273,63.939479,0
-21.005294,63.939573,0
-21.005299,63.939660,0
-21.005285,63.939827,0
-21.005236,63.940015,0
-21.005085,63.940455,0
-21.005025,63.940706,0
-21.005001,63.940913,0
-21.005014,63.941054,0
-21.005046,63.941186,0
-21.005092,63.941321,0
-21.005166,63.941454,0
-21.005247,63.941573,0
-21.005366,63.941712,0
-21.005634,63.941962,0
-21.005891,63.942165,0
-21.006143,63.942323,0
-21.006390,63.942466,0
-21.006670,63.942618,0
-21.007553,63.943003,0
-21.007629,63.943040,0
-21.007863,63.943163,0
-21.008027,63.943254,0
-21.008260,63.943400,0
-21.008602,63.943652,0
-21.008942,63.943934,0
-21.009193,63.944143,0
-21.009404,63.944318,0
-21.010141,63.944929,0
-21.010241,63.945016,0
-21.010580,63.945308,0
-21.010763,63.945465,0
-21.010964,63.945638,0
-21.011417,63.946028,0
-21.011876,63.946423,0
-21.012208,63.946721,0
-21.012475,63.946961,0
-21.012597,63.947071,0
-21.012956,63.947381,0
-21.013161,63.947555,0
-21.013211,63.947649,0
-21.013281,63.947723,0
-21.013324,63.947778,0
-21.013348,63.947832,0
-21.013374,63.947867,0
-21.013354,63.947903,0
-21.013360,63.947947,0
-21.013398,63.947988,0
-21.013464,63.948022,0
-21.013533,63.948041,0
-21.013610,63.948051,0
-21.013690,63.948052,0
-21.013845,63.948098,0
-21.013951,63.948131,0
-21.014059,63.948165,0
-21.014239,63.948234,0
-21.014748,63.948484,0
-21.015270,63.948698,0
-21.015868,63.948917,0
-21.016524,63.949112,0
-21.017235,63.949301,0
-21.018201,63.949517,0
-21.019473,63.949801,0
-21.019931,63.949978,0
-21.020343,63.950163,0
-21.020644,63.950329,0
-21.020844,63.950474,0
-21.020961,63.950562,0
-21.021084,63.950741,0
-21.021167,63.950892,0
-21.021207,63.951088,0
-21.021182,63.951201,0
-21.021119,63.951339,0
-21.020877,63.951713,0
-21.020791,63.951808,0
-21.020654,63.951880,0
-21.020486,63.951897,0
-21.020339,63.951938,0
-21.020231,63.951997,0
-21.020173,63.952069,0
-21.020170,63.952145,0
-21.020224,63.952217,0
-21.020238,63.952321,0
-21.020203,63.952424,0
-21.020136,63.952508,0
-21.020010,63.952586,0
-21.019801,63.952672,0
-21.019167,63.952896,0
-21.018440,63.953167,0
-21.018249,63.953238,0
-21.018008,63.953339,0
-21.017603,63.953579,0
-21.017319,63.953785,0
-21.017003,63.954060,0
-21.016723,63.954276,0
-21.015778,63.954982,0
-21.014743,63.955755,0
-21.013605,63.956536,0
-21.012434,63.957294,0
-21.010066,63.958648,0
-21.008743,63.959356,0
-21.007445,63.959992,0
-21.005561,63.960814,0
-21.004854,63.961139,0
-21.003829,63.961598,0
-21.002391,63.962230,0
-21.001546,63.962600,0
-21.000681,63.962969,0
-21.000029,63.963224,0
-20.999264,63.963508,0
-20.998064,63.963910,0
-20.996535,63.964411,0
-20.995862,63.964639,0
-20.995268,63.964854,0
-20.994753,63.965062,0
-20.994296,63.965271,0
-20.994013,63.965412,0
-20.993722,63.965577,0
-20.993288,63.965842,0
-20.992749,63.966220,0
-20.992440,63.966456,0
-20.992162,63.966694,0
-20.991809,63.967039,0
-20.991615,63.967248,0
-20.991305,63.967638,0
-20.991024,63.968051,0
-20.990740,63.968531,0
-20.990578,63.968965,0
-20.990431,63.969636,0
-20.990348,63.970050,0
-20.990237,63.970627,0
-20.990150,63.970977,0
-20.990046,63.971256,0
-20.989893,63.971577,0
-20.989765,63.971774,0
-20.989617,63.971964,0
-20.989342,63.972252,0
-20.988918,63.972625,0
-20.988504,63.972931,0
-20.987836,63.973385,0
-20.987264,63.973761,0
-20.986827,63.974080,0
-20.986492,63.974364,0
-20.986223,63.974622,0
-20.985992,63.974875,0
-20.985722,63.975224,0
-20.985560,63.975485,0
-20.985339,63.975992,0
-20.985159,63.976557,0
-20.984987,63.977207,0
-20.984798,63.977829,0
-20.984661,63.978305,0
-20.984560,63.978733,0
-20.984477,63.979211,0
-20.984427,63.979826,0
-20.984410,63.980311,0
-20.984387,63.980943,0
-20.984360,63.981176,0
-20.984319,63.981394,0
-20.984240,63.981690,0
-20.984118,63.981972,0
-20.983981,63.982273,0
-20.983605,63.982989,0
-20.983410,63.983344,0
-20.983270,63.983692,0
-20.983157,63.984047,0
-20.983092,63.984392,0
-20.983073,63.984600,0
-20.983061,63.984881,0
-20.983041,63.985118,0
-20.983069,63.985576,0
-20.983198,63.986218,0
-20.983332,63.986891,0
-20.983458,63.987437,0
-20.983505,63.987714,0
-20.983533,63.987921,0
-20.983555,63.988300,0
-20.983572,63.988868,0
-20.983551,63.989158,0
-20.983517,63.989446,0
-20.983419,63.990038,0
-20.983330,63.990361,0
-20.983216,63.990683,0
-20.982877,63.991533,0
-20.982597,63.992143,0
-20.982380,63.992741,0
-20.982254,63.993188,0
-20.982157,63.993675,0
-20.982122,63.994249,0
-20.982170,63.994787,0
-20.982297,63.995426,0
-20.982534,63.996105,0
-20.982689,63.996567,0
-20.982735,63.996814,0
-20.982752,63.997056,0
-20.982737,63.997368,0
-20.982697,63.997539,0
-20.982629,63.997713,0
-20.982533,63.997910,0
-20.982391,63.998146,0
-20.982248,63.998357,0
-20.982065,63.998580,0
-20.981170,63.999608,0
-20.980194,64.000721,0
-20.979259,64.001813,0
-20.978784,64.002327,0
-20.978550,64.002555,0
-20.978276,64.002773,0
-20.977552,64.003252,0
-20.977153,64.003480,0
-20.976769,64.003678,0
-20.976416,64.003844,0
-20.976069,64.003996,0
-20.975558,64.004199,0
-20.975068,64.004391,0
-20.974049,64.004805,0
-20.973344,64.005092,0
-20.972711,64.005322,0
-20.971523,64.005749,0
-20.971007,64.005934,0
-20.969807,64.006355,0
-20.968898,64.006641,0
-20.968339,64.006795,0
-20.967779,64.006925,0
-20.967218,64.007031,0
-20.966719,64.007109,0
-20.965533,64.007268,0
-20.965069,64.007335,0
-20.964530,64.007425,0
-20.964005,64.007535,0
-20.963558,64.007645,0
-20.963083,64.007786,0
-20.962583,64.007967,0
-20.962121,64.008157,0
-20.961751,64.008334,0
-20.961396,64.008544,0
-20.961114,64.008741,0
-20.960819,64.008996,0
-20.960293,64.009498,0
-20.959726,64.010122,0
-20.959467,64.010376,0
-20.959191,64.010616,0
-20.958890,64.010844,0
-20.958549,64.011058,0
-20.958067,64.011342,0
-20.957590,64.011577,0
-20.956827,64.011892,0
-20.955989,64.012203,0
-20.955183,64.012471,0
-20.953087,64.013129,0
-20.950309,64.014006,0
-20.948684,64.014499,0
-20.945537,64.015488,0
-20.943217,64.016254,0
-20.941222,64.016999,0
-20.940586,64.017211,0
-20.938956,64.017659,0
-20.938006,64.017936,0
-20.937255,64.018192,0
-20.935779,64.018792,0
-20.933897,64.019618,0
-20.932673,64.020223,0
-20.932282,64.020434,0
-20.931759,64.020766,0
-20.930968,64.021317,0
-20.930782,64.021446,0
-20.930455,64.021674,0
-20.929787,64.022147,0
-20.929379,64.022397,0
-20.928910,64.022631,0
-20.928395,64.022855,0
-20.927727,64.023085,0
-20.927205,64.023233,0
-20.926432,64.023434,0
-20.925612,64.023655,0
-20.925275,64.023742,0
-20.924817,64.023876,0
-20.924086,64.024116,0
-20.923488,64.024337,0
-20.922955,64.024567,0
-20.921342,64.025351,0
-20.920746,64.025614,0
-20.920335,64.025766,0
-20.919959,64.025883,0
-20.918564,64.026297,0
-20.915732,64.027107,0
-20.913653,64.027753,0
-20.912203,64.028246,0
-20.910711,64.028789,0
-20.909401,64.029303,0
-20.908304,64.029761,0
-20.907418,64.030150,0
-20.906356,64.030630,0
-20.904807,64.031367,0
-20.904167,64.031683,0
-20.903190,64.032224,0
-20.902446,64.032693,0
-20.896036,64.037132,0
-20.894717,64.038046,0
-20.891315,64.040374,0
-20.890583,64.040839,0
-20.889854,64.041262,0
-20.888947,64.041737,0
-20.887862,64.042248,0
-20.887499,64.042162,0
-20.887354,64.042128,0
-20.886734,64.041962,0
-20.886754,64.041938,0
-20.886755,64.041913,0
-20.886736,64.041889,0
-20.886699,64.041869,0
-20.886649,64.041856,0
-20.886592,64.041851,0
-20.886617,64.041806,0
-20.886617,64.041806,0
-20.886938,64.041547,0
-20.887229,64.041335,0
-20.886938,64.041547,0
-20.886617,64.041806,0
-20.886592,64.041851,0
-20.886649,64.041856,0
-20.886699,64.041869,0
-20.886736,64.041889,0
-20.886755,64.041913,0
-20.886754,64.041938,0
-20.886734,64.041962,0
-20.887354,64.042128,0
-20.887499,64.042162,0
-20.887862,64.042248,0
-20.888947,64.041737,0
-20.889854,64.041262,0
-20.890583,64.040839,0
-20.891315,64.040374,0
-20.894717,64.038046,0
-20.896036,64.037132,0
-20.902446,64.032693,0
-20.903190,64.032224,0
-20.904167,64.031683,0
-20.904807,64.031367,0
-20.906356,64.030630,0
-20.907418,64.030150,0
-20.908304,64.029761,0
-20.909401,64.029303,0
-20.910711,64.028789,0
-20.912203,64.028246,0
-20.913653,64.027753,0
-20.915732,64.027107,0
-20.918564,64.026297,0
-20.919959,64.025883,0
-20.920335,64.025766,0
-20.920746,64.025614,0
-20.921342,64.025351,0
-20.922955,64.024567,0
-20.923488,64.024337,0
-20.924086,64.024116,0
-20.924817,64.023876,0
-20.925275,64.023742,0
-20.925612,64.023655,0
-20.926432,64.023434,0
-20.927205,64.023233,0
-20.927727,64.023085,0
-20.928395,64.022855,0
-20.928910,64.022631,0
-20.929379,64.022397,0
-20.929787,64.022147,0
-20.930455,64.021674,0
-20.930782,64.021446,0
-20.930968,64.021317,0
-20.931759,64.020766,0
-20.932282,64.020434,0
-20.932673,64.020223,0
-20.933897,64.019618,0
-20.935779,64.018792,0
-20.937255,64.018192,0
-20.938006,64.017936,0
-20.938956,64.017659,0
-20.940586,64.017211,0
-20.941222,64.016999,0
-20.943217,64.016254,0
-20.945537,64.015488,0
-20.948684,64.014499,0
-20.950309,64.014006,0
-20.953087,64.013129,0
-20.955183,64.012471,0
-20.955989,64.012203,0
-20.956827,64.011892,0
-20.957590,64.011577,0
-20.958067,64.011342,0
-20.958549,64.011058,0
-20.958890,64.010844,0
-20.959191,64.010616,0
-20.959467,64.010376,0
-20.959726,64.010122,0
-20.960293,64.009498,0
-20.960819,64.008996,0
-20.961114,64.008741,0
-20.961396,64.008544,0
-20.961751,64.008334,0
-20.962121,64.008157,0
-20.962583,64.007967,0
-20.963083,64.007786,0
-20.963558,64.007645,0
-20.964005,64.007535,0
-20.964530,64.007425,0
-20.965069,64.007335,0
-20.965533,64.007268,0
-20.966719,64.007109,0
-20.967218,64.007031,0
-20.967779,64.006925,0
-20.968339,64.006795,0
-20.968898,64.006641,0
-20.969807,64.006355,0
-20.971007,64.005934,0
-20.971523,64.005749,0
-20.972711,64.005322,0
-20.973344,64.005092,0
-20.974049,64.004805,0
-20.975068,64.004391,0
-20.975558,64.004199,0
-20.976069,64.003996,0
-20.976416,64.003844,0
-20.976769,64.003678,0
-20.977153,64.003480,0
-20.977552,64.003252,0
-20.978276,64.002773,0
-20.978550,64.002555,0
-20.978784,64.002327,0
-20.979259,64.001813,0
-20.980194,64.000721,0
-20.981170,63.999608,0
-20.982065,63.998580,0
-20.982248,63.998357,0
-20.982391,63.998146,0
-20.982533,63.997910,0
-20.982629,63.997713,0
-20.982697,63.997539,0
-20.982737,63.997368,0
-20.982752,63.997056,0
-20.982735,63.996814,0
-20.982689,63.996567,0
-20.982534,63.996105,0
-20.982297,63.995426,0
-20.982170,63.994787,0
-20.982122,63.994249,0
-20.982157,63.993675,0
-20.982254,63.993188,0
-20.982380,63.992741,0
-20.982597,63.992143,0
-20.982877,63.991533,0
-20.983216,63.990683,0
-20.983330,63.990361,0
-20.983419,63.990038,0
-20.983517,63.989446,0
-20.983551,63.989158,0
-20.983572,63.988868,0
-20.983555,63.988300,0
-20.983533,63.987921,0
-20.983505,63.987714,0
-20.983458,63.987437,0
-20.983332,63.986891,0
-20.983198,63.986218,0
-20.983069,63.985576,0
-20.983041,63.985118,0
-20.983061,63.984881,0
-20.983073,63.984600,0
-20.983092,63.984392,0
-20.983157,63.984047,0
-20.983270,63.983692,0
-20.983410,63.983344,0
-20.983605,63.982989,0
-20.983981,63.982273,0
-20.984118,63.981972,0
-20.984240,63.981690,0
-20.984319,63.981394,0
-20.984360,63.981176,0
-20.984387,63.980943,0
-20.984410,63.980311,0
-20.984427,63.979826,0
-20.984477,63.979211,0
-20.984560,63.978733,0
-20.984661,63.978305,0
-20.984798,63.977829,0
-20.984987,63.977207,0
-20.985159,63.976557,0
-20.985339,63.975992,0
-20.985560,63.975485,0
-20.985722,63.975224,0
-20.985992,63.974875,0
-20.986223,63.974622,0
-20.986492,63.974364,0
-20.986827,63.974080,0
-20.987264,63.973761,0
-20.987836,63.973385,0
-20.988504,63.972931,0
-20.988918,63.972625,0
-20.989342,63.972252,0
-20.989617,63.971964,0
-20.989765,63.971774,0
-20.989893,63.971577,0
-20.990046,63.971256,0
-20.990150,63.970977,0
-20.990237,63.970627,0
-20.990348,63.970050,0
-20.990431,63.969636,0
-20.990578,63.968965,0
-20.990740,63.968531,0
-20.991024,63.968051,0
-20.991305,63.967638,0
-20.991615,63.967248,0
-20.991809,63.967039,0
-20.992162,63.966694,0
-20.992440,63.966456,0
-20.992749,63.966220,0
-20.993288,63.965842,0
-20.993722,63.965577,0
-20.994013,63.965412,0
-20.994296,63.965271,0
-20.994753,63.965062,0
-20.995268,63.964854,0
-20.995862,63.964639,0
-20.996535,63.964411,0
-20.998064,63.963910,0
-20.999264,63.963508,0
-21.000029,63.963224,0
-21.000681,63.962969,0
-21.001546,63.962600,0
-21.002391,63.962230,0
-21.003829,63.961598,0
-21.004854,63.961139,0
-21.005561,63.960814,0
-21.007445,63.959992,0
-21.008743,63.959356,0
-21.010066,63.958648,0
-21.012434,63.957294,0
-21.013605,63.956536,0
-21.014743,63.955755,0
-21.015778,63.954982,0
-21.016723,63.954276,0
-21.017003,63.954060,0
-21.017467,63.953811,0
-21.017734,63.953624,0
-21.018108,63.953397,0
-21.018544,63.953223,0
-21.019385,63.952944,0
-21.019856,63.952782,0
-21.020137,63.952673,0
-21.020331,63.952562,0
-21.020512,63.952437,0
-21.020668,63.952340,0
-21.020796,63.952335,0
-21.020918,63.952317,0
-21.021418,63.952323,0
-21.021958,63.952348,0
-21.022577,63.952405,0
-21.024039,63.952602,0
-21.025837,63.952851,0
-21.034242,63.953951,0
-21.040281,63.954748,0
-21.042304,63.955026,0
-21.046343,63.955534,0
-21.048959,63.955848,0
-21.051136,63.956093,0
-21.053118,63.956306,0
-21.054223,63.956417,0
-21.055463,63.956530,0
-21.056904,63.956662,0
-21.058079,63.956768,0
-21.060117,63.956936,0
-21.060510,63.956969,0
-21.064131,63.957243,0
-21.066705,63.957411,0
-21.069575,63.957578,0
-21.072803,63.957744,0
-21.075036,63.957834,0
-21.077476,63.957922,0
-21.079370,63.957975,0
-21.079861,63.957988,0
-21.082429,63.958051,0
-21.085157,63.958091,0
-21.089396,63.958146,0
-21.091804,63.958188,0
-21.092712,63.958205,0
-21.095717,63.958252,0
-21.098583,63.958293,0
-21.098692,63.958294,0
-21.098839,63.958296,0
-21.098963,63.958298,0
-21.101730,63.958338,0
-21.104166,63.958380,0
-21.105108,63.958414,0
-21.105681,63.958440,0
-21.106244,63.958475,0
-21.106752,63.958515,0
-21.107270,63.958561,0
-21.108276,63.958668,0
-21.109520,63.958836,0
-21.111011,63.959089,0
-21.112535,63.959404,0
-21.113575,63.959675,0
-21.113747,63.959719,0
-21.115227,63.960157,0
-21.116382,63.960566,0
-21.117681,63.961125,0
-21.118698,63.961661,0
-21.119409,63.962082,0
-21.121462,63.963432,0
-21.121802,63.963656,0
-21.124007,63.965106,0
-21.125316,63.965942,0
-21.126317,63.966561,0
-21.127430,63.967199,0
-21.128163,63.967568,0
-21.128759,63.967868,0
-21.130925,63.968922,0
-21.132315,63.969586,0
-21.132857,63.969846,0
-21.136692,63.971528,0
-21.137180,63.971722,0
-21.137508,63.971856,0
-21.139830,63.972892,0
-21.141172,63.973563,0
-21.142552,63.974318,0
-21.142817,63.974464,0
-21.147560,63.977107,0
-21.147940,63.977341,0
-21.148824,63.977887,0
-21.149827,63.978524,0
-21.151508,63.979795,0
-21.152297,63.980423,0
-21.153574,63.981467,0
-21.154745,63.982415,0
-21.156229,63.983583,0
-21.156691,63.983915,0
-21.157533,63.984460,0
-21.158278,63.984870,0
-21.159018,63.985244,0
-21.160178,63.985735,0
-21.160832,63.985992,0
-21.162170,63.986423,0
-21.162466,63.986509,0
-21.165821,63.987482,0
-21.167511,63.987971,0
-21.167805,63.988057,0
-21.168454,63.988233,0
-21.168776,63.988320,0
-21.169311,63.988465,0
-21.171151,63.989012,0
-21.175321,63.990235,0
-21.177045,63.990745,0
-21.183186,63.992561,0
-21.188981,63.994196,0
-21.192064,63.995016,0
-21.192377,63.995158,0
-21.192472,63.995202,0
-21.192464,63.995238,0
-21.192471,63.995274,0
-21.192492,63.995308,0
-21.192527,63.995339,0
-21.192584,63.995372,0
-21.192673,63.995402,0
-21.192779,63.995425,0
-21.192913,63.995432,0
-21.193032,63.995424,0
-21.193141,63.995402,0
-21.193245,63.995362,0
-21.193315,63.995310,0
-21.193345,63.995250,0
-21.193341,63.995212,0
-21.193321,63.995175,0
-21.193255,63.995122,0
-21.193433,63.994867,0
-21.194892,63.993781,0
-21.195105,63.993622,0
-21.198898,63.990842,0
-21.199998,63.990036,0
-21.201021,63.989392,0
-21.202294,63.988766,0
-21.206877,63.986877,0
-21.212031,63.984790,0
-21.215118,63.983526,0
-21.219685,63.981644,0
-21.224262,63.979797,0
-21.226060,63.979051,0
-21.229600,63.977606,0
-21.231043,63.977017,0
-21.231958,63.976638,0
-21.232790,63.976273,0
-21.233629,63.975855,0
-21.234409,63.975427,0
-21.234545,63.975348,0
-21.235643,63.974704,0
-21.236882,63.973969,0
-21.238604,63.972947,0
-21.239464,63.972419,0
-21.240280,63.971900,0
-21.241414,63.971109,0
-21.242517,63.970251,0
-21.244667,63.968560,0
-21.245222,63.968167,0
-21.245670,63.967897,0
-21.246295,63.967561,0
-21.258017,63.962476,0
-21.259913,63.961643,0
-21.260173,63.961506,0
-21.260439,63.961367,0
-21.261949,63.960460,0
-21.264000,63.959228,0
-21.264872,63.958698,0
-21.265004,63.958619,0
-21.266168,63.957914,0
-21.267350,63.957197,0
-21.267645,63.957018,0
-21.268712,63.956320,0
-21.272134,63.953685,0
-21.272571,63.953340,0
-21.272948,63.953042,0
-21.273782,63.952383,0
-21.274423,63.951842,0
-21.275451,63.951182,0
-21.276232,63.950761,0
-21.276971,63.950362,0
-21.278635,63.949499,0
-21.278764,63.949431,0
-21.279331,63.949137,0
-21.282404,63.947516,0
-21.285187,63.946066,0
-21.288376,63.944385,0
-21.290319,63.943424,0
-21.291313,63.942976,0
-21.294713,63.941579,0
-21.295894,63.941099,0
-21.296087,63.941018,0
-21.298691,63.939955,0
-21.305582,63.937123,0
-21.307467,63.936348,0
-21.317534,63.932207,0
-21.319223,63.931519,0
-21.321043,63.930964,0
-21.322979,63.930583,0
-21.324976,63.930379,0
-21.332376,63.929949,0
-21.337425,63.929662,0
-21.339516,63.929541,0
-21.340590,63.929479,0
-21.341995,63.929398,0
-21.344358,63.929263,0
-21.345515,63.929198,0
-21.346157,63.929163,0
-21.346926,63.929121,0
-21.348789,63.929019,0
-21.351340,63.928780,0
-21.353363,63.928517,0
-21.355161,63.928201,0
-21.360140,63.927258,0
-21.361172,63.927113,0
-21.361072,63.927004,0
-21.361026,63.926956,0
-21.360511,63.926418,0
-21.360263,63.926138,0
-21.360049,63.925841,0
-21.359885,63.925601,0
-21.359777,63.925395,0
-21.359670,63.925119,0
-21.359598,63.924806,0
-21.359573,63.924474,0
-21.359584,63.924177,0
-21.359634,63.923872,0
-21.359738,63.923423,0
-21.359882,63.922825,0
-21.359910,63.922564,0
-21.359913,63.922102,0
-21.359877,63.921657,0
-21.359823,63.920986,0
-21.359847,63.920145,0
-21.359940,63.919563,0
-21.360086,63.919090,0
-21.360363,63.918367,0
-21.360498,63.918109,0
-21.360695,63.917810,0
-21.361775,63.916391,0
-21.362994,63.914991,0
-21.363490,63.914400,0
-21.363831,63.913904,0
-21.364107,63.913378,0
-21.364304,63.912801,0
-21.364450,63.912209,0
-21.364487,63.911688,0
-21.364462,63.911178,0
-21.364349,63.910454,0
-21.364138,63.909674,0
-21.364074,63.909393,0
-21.364040,63.909114,0
-21.364042,63.908867,0
-21.364101,63.908512,0
-21.364181,63.908202,0
-21.364323,63.907823,0
-21.364485,63.907447,0
-21.364806,63.906604,0
-21.364913,63.906254,0
-21.364990,63.905910,0
-21.365029,63.905498,0
-21.365024,63.905083,0
-21.364988,63.904694,0
-21.364818,63.903662,0
-21.364714,63.903151,0
-21.364675,63.902866,0
-21.364672,63.902717,0
-21.364693,63.902562,0
-21.364734,63.902375,0
-21.364862,63.901919,0
-21.365075,63.901134,0
-21.365120,63.900721,0
-21.365102,63.900450,0
-21.365029,63.900156,0
-21.364606,63.898938,0
-21.364303,63.898139,0
-21.364152,63.897580,0
-21.364083,63.897230,0
-21.364078,63.896843,0
-21.364231,63.895960,0
-21.364294,63.895303,0
-21.364235,63.894765,0
-21.364094,63.894205,0
-21.363931,63.893546,0
-21.363880,63.893227,0
-21.363876,63.892929,0
-21.363911,63.892522,0
-21.364010,63.892152,0
-21.364124,63.891858,0
-21.364242,63.891641,0
-21.364355,63.891428,0
-21.364481,63.891216,0
-21.364647,63.890968,0
-21.364842,63.890726,0
-21.365026,63.890552,0
-21.365332,63.890291,0
-21.365944,63.889794,0
-21.366328,63.889507,0
-21.366800,63.889235,0
-21.367638,63.888805,0
-21.370101,63.887704,0
-21.370741,63.887408,0
-21.371364,63.887095,0
-21.372092,63.886680,0
-21.372776,63.886239,0
-21.373160,63.885971,0
-21.373530,63.885688,0
-21.373889,63.885403,0
-21.374214,63.885116,0
-21.374804,63.884573,0
-21.375367,63.884007,0
-21.376732,63.882427,0
-21.378017,63.880684,0
-21.379313,63.878658,0
-21.379845,63.877663,0
-21.380759,63.875656,0
-21.381144,63.874666,0
-21.381391,63.874099,0
-21.381672,63.873530,0
-21.381768,63.873359,0
-21.382305,63.872546,0
-21.382949,63.871769,0
-21.383594,63.871106,0
-21.384114,63.870635,0
-21.384679,63.870172,0
-21.385408,63.869623,0
-21.386187,63.869104,0
-21.386987,63.868620,0
-21.387701,63.868218,0
-21.387978,63.868051,0
-21.388016,63.868029,0
-21.388406,63.867798,0
-21.389184,63.867264,0
-21.389596,63.866925,0
-21.389883,63.866649,0
-21.390174,63.866324,0
-21.390466,63.865940,0
-21.390674,63.865611,0
-21.390722,63.865503,0
-21.390829,63.865262,0
-21.390865,63.865158,0
-21.390944,63.864924,0
-21.391037,63.864552,0
-21.391066,63.864237,0
-21.391059,63.863921,0
-21.390993,63.863621,0
-21.390891,63.863408,0
-21.390932,63.863288,0
-21.390980,63.863230,0
-21.391029,63.863182,0
-21.391135,63.863162,0
-21.391224,63.863130,0
-21.391511,63.863093,0
-21.391930,63.863021,0
-21.392158,63.862950,0
-21.393017,63.862793,0
-21.393448,63.862707,0
-21.393672,63.862658,0
-21.394224,63.862508,0
-21.394676,63.862375,0
-21.395158,63.862160,0
-21.395657,63.861912,0
-21.396094,63.861623,0
-21.398034,63.860303,0
-21.398930,63.859753,0
-21.399759,63.859278,0
-21.401479,63.858413,0
-21.401748,63.858271,0
-21.403473,63.857519,0
-21.404211,63.857219,0
-21.404701,63.857030,0
-21.405158,63.856853,0
-21.405590,63.856694,0
-21.407466,63.856041,0
-21.407991,63.855887,0
-21.408397,63.855752,0
-21.409684,63.855385,0
-21.411147,63.854996,0
-21.412885,63.854581,0
-21.415468,63.854044,0
-21.417420,63.853708,0
-21.418817,63.853492,0
-21.420211,63.853311,0
-21.421922,63.853105,0
-21.423632,63.852942,0
-21.425562,63.852800,0
-21.426628,63.852734,0
-21.427486,63.852695,0
-21.430477,63.852602,0
-21.435293,63.852455,0
-21.439732,63.852248,0
-21.445151,63.851924,0
-21.448500,63.851658,0
-21.451010,63.851449,0
-21.451463,63.851407,0
-21.451601,63.851394,0
-21.451718,63.851383,0
-21.453534,63.851213,0
-21.456317,63.850932,0
-21.458042,63.850739,0
-21.459794,63.850524,0
-21.462940,63.850145,0
-21.467136,63.849565,0
-21.470232,63.849092,0
-21.471997,63.848818,0
-21.475074,63.848299,0
-21.478455,63.847679,0
-21.480946,63.847204,0
-21.483523,63.846681,0
-21.486217,63.846127,0
-21.488004,63.845759,0
-21.489854,63.845402,0
-21.491714,63.845055,0
-21.495496,63.844406,0
-21.497152,63.844144,0
-21.500046,63.843715,0
-21.502975,63.843311,0
-21.506741,63.842849,0
-21.509600,63.842520,0
-21.512333,63.842250,0
-21.513710,63.842121,0
-21.515084,63.842004,0
-21.516961,63.841855,0
-21.518524,63.841740,0
-21.520078,63.841633,0
-21.521649,63.841532,0
-21.523221,63.841443,0
-21.525733,63.841323,0
-21.528263,63.841225,0
-21.529870,63.841173,0
-21.531757,63.841126,0
-21.531985,63.841120,0
-21.535208,63.841063,0
-21.538455,63.841059,0
-21.541164,63.841079,0
-21.545031,63.841154,0
-21.552660,63.841355,0
-21.556145,63.841376,0
-21.559759,63.841343,0
-21.563755,63.841241,0
-21.565712,63.841167,0
-21.567443,63.841090,0
-21.569107,63.840997,0
-21.571650,63.840833,0
-21.573734,63.840679,0
-21.575785,63.840499,0
-21.579070,63.840191,0
-21.582490,63.839808,0
-21.583763,63.839657,0
-21.587768,63.839106,0
-21.590531,63.838673,0
-21.592741,63.838310,0
-21.594579,63.837982,0
-21.596423,63.837647,0
-21.599036,63.837114,0
-21.601635,63.836553,0
-21.603851,63.836045,0
-21.609179,63.834731,0
-21.611108,63.834308,0
-21.613195,63.833879,0
-21.615134,63.833525,0
-21.616114,63.833357,0
-21.617103,63.833196,0
-21.618804,63.832941,0
-21.620529,63.832705,0
-21.622012,63.832524,0
-21.623512,63.832352,0
-21.624936,63.832210,0
-21.626370,63.832083,0
-21.628398,63.831928,0
-21.630248,63.831811,0
-21.632121,63.831719,0
-21.634085,63.831659,0
-21.635065,63.831633,0
-21.636054,63.831620,0
-21.637795,63.831607,0
-21.639745,63.831622,0
-21.640984,63.831652,0
-21.642203,63.831690,0
-21.643778,63.831744,0
-21.645359,63.831822,0
-21.648183,63.832015,0
-21.649941,63.832160,0
-21.651968,63.832359,0
-21.654000,63.832582,0
-21.657030,63.833003,0
-21.659306,63.833354,0
-21.661752,63.833793,0
-21.664347,63.834313,0
-21.665896,63.834663,0
-21.667629,63.835074,0
-21.668948,63.835419,0
-21.671272,63.836057,0
-21.672458,63.836397,0
-21.673292,63.836673,0
-21.674137,63.836944,0
-21.676455,63.837746,0
-21.678666,63.838593,0
-21.679958,63.839119,0
-21.682840,63.840412,0
-21.684800,63.841272,0
-21.686313,63.841931,0
-21.687834,63.842566,0
-21.690740,63.843735,0
-21.693468,63.844772,0
-21.695845,63.845622,0
-21.698956,63.846698,0
-21.701358,63.847479,0
-21.703946,63.848294,0
-21.709348,63.849960,0
-21.709955,63.850165,0
-21.712803,63.851169,0
-21.714896,63.851972,0
-21.715099,63.852056,0
-21.717723,63.853149,0
-21.717949,63.853246,0
-21.718169,63.853342,0
-21.719112,63.853768,0
-21.720445,63.854395,0
-21.722500,63.855414,0
-21.724468,63.856480,0
-21.725253,63.856935,0
-21.726015,63.857378,0
-21.727464,63.858274,0
-21.729253,63.859453,0
-21.730157,63.860057,0
-21.731099,63.860643,0
-21.732021,63.861167,0
-21.732959,63.861666,0
-21.734965,63.862629,0
-21.736731,63.863361,0
-21.738555,63.864038,0
-21.739835,63.864465,0
-21.741120,63.864858,0
-21.742390,63.865220,0
-21.743667,63.865563,0
-21.747825,63.866573,0
-21.749994,63.867038,0
-21.751993,63.867468,0
-21.754197,63.867894,0
-21.756420,63.868297,0
-21.759242,63.868748,0
-21.760886,63.869012,0
-21.762904,63.869299,0
-21.764714,63.869539,0
-21.764912,63.869563,0
-21.766408,63.869741,0
-21.767931,63.869913,0
-21.769613,63.870093,0
-21.771275,63.870253,0
-21.773094,63.870414,0
-21.774917,63.870559,0
-21.776736,63.870684,0
-21.778533,63.870782,0
-21.779619,63.870814,0
-21.780673,63.870807,0
-21.781528,63.870791,0
-21.782394,63.870750,0
-21.783052,63.870710,0
-21.783697,63.870659,0
-21.785779,63.870450,0
-21.787839,63.870226,0
-21.790468,63.869959,0
-21.791833,63.869835,0
-21.792503,63.869792,0
-21.793225,63.869762,0
-21.794377,63.869746,0
-21.795534,63.869753,0
-21.796749,63.869799,0
-21.797971,63.869875,0
-21.798860,63.869959,0
-21.801507,63.870254,0
-21.802576,63.870345,0
-21.803640,63.870410,0
-21.804723,63.870456,0
-21.805780,63.870459,0
-21.809710,63.870339,0
-21.812052,63.870284,0
-21.814345,63.870261,0
-21.816605,63.870281,0
-21.818863,63.870320,0
-21.825124,63.870523,0
-21.827579,63.870565,0
-21.830013,63.870574,0
-21.832565,63.870559,0
-21.834715,63.870528,0
-21.838615,63.870396,0
-21.840691,63.870300,0
-21.843345,63.870153,0
-21.846310,63.869949,0
-21.848204,63.869814,0
-21.851201,63.869539,0
-21.854153,63.869237,0
-21.857088,63.868892,0
-21.859920,63.868514,0
-21.863316,63.868024,0
-21.866591,63.867482,0
-21.869078,63.867030,0
-21.871527,63.866561,0
-21.877087,63.865466,0
-21.881068,63.864715,0
-21.885044,63.863997,0
-21.894229,63.862493,0
-21.902514,63.861171,0
-21.904535,63.860878,0
-21.910290,63.860109,0
-21.912371,63.859809,0
-21.914022,63.859557,0
-21.915370,63.859332,0
-21.916317,63.859158,0
-21.916457,63.859132,0
-21.918926,63.858676,0
-21.920602,63.858340,0
-21.922058,63.858007,0
-21.925792,63.857062,0
-21.926263,63.856921,0
-21.929912,63.855830,0
-21.932311,63.855138,0
-21.933563,63.854829,0
-21.934780,63.854562,0
-21.936451,63.854255,0
-21.938167,63.853976,0
-21.939929,63.853745,0
-21.940614,63.853674,0
-21.941549,63.853592,0
-21.943123,63.853495,0
-21.945201,63.853383,0
-21.947033,63.853315,0
-21.950487,63.853294,0
-21.951812,63.853271,0
-21.953339,63.853218,0
-21.955812,63.853054,0
-21.958830,63.852808,0
-21.961307,63.852546,0
-21.965536,63.851977,0
-21.968777,63.851538,0
-21.971846,63.851215,0
-21.975608,63.850869,0
-21.979438,63.850602,0
-21.982966,63.850431,0
-21.985361,63.850356,0
-21.987736,63.850310,0
-21.988833,63.850295,0
-21.989930,63.850277,0
-21.992059,63.850283,0
-21.994282,63.850331,0
-21.996415,63.850398,0
-21.999327,63.850503,0
-22.000711,63.850546,0
-22.002078,63.850575,0
-22.003559,63.850590,0
-22.005041,63.850588,0
-22.006665,63.850571,0
-22.008094,63.850542,0
-22.009286,63.850515,0
-22.011181,63.850474,0
-22.013065,63.850461,0
-22.015367,63.850467,0
-22.017067,63.850489,0
-22.018460,63.850530,0
-22.019850,63.850597,0
-22.023207,63.850842,0
-22.026858,63.851165,0
-22.028655,63.851347,0
-22.031859,63.851743,0
-22.032615,63.851838,0
-22.033290,63.851947,0
-22.034373,63.852132,0
-22.037667,63.852742,0
-22.041304,63.853410,0
-22.042771,63.853669,0
-22.044420,63.853949,0
-22.045943,63.854169,0
-22.049307,63.854597,0
-22.051836,63.854865,0
-22.054263,63.855134,0
-22.055413,63.855244,0
-22.057481,63.855408,0
-22.058515,63.855486,0
-22.059919,63.855603,0
-22.061414,63.855702,0
-22.062979,63.855787,0
-22.064562,63.855878,0
-22.065783,63.855935,0
-22.067064,63.855991,0
-22.068991,63.856030,0
-22.070485,63.856074,0
-22.071195,63.856101,0
-22.072904,63.856100,0
-22.074488,63.856082,0
-22.076651,63.856103,0
-22.077863,63.856091,0
-22.079026,63.856061,0
-22.080655,63.855987,0
-22.082296,63.855955,0
-22.083797,63.855888,0
-22.085107,63.855828,0
-22.086048,63.855791,0
-22.087430,63.855686,0
-22.088975,63.855573,0
-22.092011,63.855332,0
-22.095033,63.855045,0
-22.099226,63.854574,0
-22.102239,63.854145,0
-22.103135,63.854018,0
-22.105381,63.853663,0
-22.107636,63.853296,0
-22.110170,63.852845,0
-22.111960,63.852554,0
-22.114227,63.852256,0
-22.115335,63.852140,0
-22.116775,63.852020,0
-22.118368,63.851934,0
-22.120063,63.851857,0
-22.122348,63.851857,0
-22.123933,63.851898,0
-22.125275,63.851944,0
-22.126276,63.852000,0
-22.127182,63.852060,0
-22.128796,63.852217,0
-22.130437,63.852408,0
-22.133429,63.852799,0
-22.138232,63.853299,0
-22.141447,63.853560,0
-22.143957,63.853703,0
-22.147021,63.853847,0
-22.149639,63.853929,0
-22.153815,63.853944,0
-22.157642,63.853864,0
-22.159553,63.853765,0
-22.161039,63.853681,0
-22.164473,63.853410,0
-22.167531,63.853176,0
-22.169678,63.852975,0
-22.171927,63.852715,0
-22.174970,63.852276,0
-22.176174,63.852103,0
-22.177919,63.851846,0
-22.179114,63.851630,0
-22.180127,63.851411,0
-22.183301,63.850775,0
-22.185908,63.850310,0
-22.188027,63.849998,0
-22.188977,63.849871,0
-22.190023,63.849762,0
-22.191292,63.849682,0
-22.192321,63.849651,0
-22.193369,63.849641,0
-22.194306,63.849633,0
-22.195353,63.849648,0
-22.197364,63.849727,0
-22.198629,63.849756,0
-22.199863,63.849756,0
-22.200727,63.849741,0
-22.201793,63.849710,0
-22.202621,63.849677,0
-22.203876,63.849580,0
-22.205813,63.849383,0
-22.206621,63.849318,0
-22.208229,63.849221,0
-22.209459,63.849183,0
-22.210658,63.849168,0
-22.211491,63.849172,0
-22.212299,63.849192,0
-22.213130,63.849223,0
-22.213908,63.849263,0
-22.214725,63.849317,0
-22.215924,63.849420,0
-22.216711,63.849501,0
-22.217461,63.849582,0
-22.218175,63.849683,0
-22.219207,63.849859,0
-22.220899,63.850182,0
-22.221927,63.850412,0
-22.223129,63.850700,0
-22.224010,63.850954,0
-22.224387,63.851069,0
-22.225530,63.851379,0
-22.226807,63.851750,0
-22.228431,63.852188,0
-22.230290,63.852624,0
-22.232317,63.853117,0
-22.234413,63.853567,0
-22.235544,63.853779,0
-22.236439,63.853917,0
-22.237942,63.854143,0
-22.239166,63.854290,0
-22.240194,63.854386,0
-22.241892,63.854504,0
-22.242992,63.854545,0
-22.244359,63.854569,0
-22.247080,63.854559,0
-22.248504,63.854507,0
-22.249877,63.854432,0
-22.251253,63.854312,0
-22.252403,63.854176,0
-22.253393,63.854042,0
-22.254527,63.853875,0
-22.256294,63.853557,0
-22.258448,63.853232,0
-22.260581,63.852900,0
-22.261952,63.852739,0
-22.263294,63.852607,0
-22.265680,63.852443,0
-22.267306,63.852343,0
-22.268583,63.852294,0
-22.269855,63.852276,0
-22.272705,63.852295,0
-22.274141,63.852338,0
-22.275414,63.852392,0
-22.277678,63.852547,0
-22.280136,63.852729,0
-22.281285,63.852776,0
-22.282294,63.852806,0
-22.284805,63.852788,0
-22.286039,63.852748,0
-22.287230,63.852697,0
-22.288132,63.852644,0
-22.289207,63.852570,0
-22.290818,63.852406,0
-22.292939,63.852165,0
-22.295435,63.851850,0
-22.296272,63.851775,0
-22.296950,63.851723,0
-22.298008,63.851688,0
-22.298703,63.851677,0
-22.299523,63.851674,0
-22.299992,63.851691,0
-22.300459,63.851717,0
-22.300930,63.851751,0
-22.301430,63.851789,0
-22.301876,63.851832,0
-22.302350,63.851878,0
-22.302641,63.851911,0
-22.302931,63.851948,0
-22.303218,63.851987,0
-22.303675,63.852058,0
-22.304126,63.852136,0
-22.304552,63.852218,0
-22.304971,63.852308,0
-22.305382,63.852405,0
-22.305784,63.852509,0
-22.306176,63.852620,0
-22.306559,63.852737,0
-22.306931,63.852861,0
-22.307291,63.852991,0
-22.307641,63.853127,0
-22.307967,63.853264,0
-22.308283,63.853407,0
-22.308585,63.853555,0
-22.308914,63.853729,0
-22.309225,63.853908,0
-22.309519,63.854094,0
-22.309794,63.854285,0
-22.310051,63.854481,0
-22.310094,63.854517,0
-22.310289,63.854681,0
-22.310507,63.854886,0
-22.310705,63.855095,0
-22.310883,63.855307,0
-22.311040,63.855523,0
-22.311177,63.855741,0
-22.311292,63.855961,0
-22.311385,63.856184,0
-22.311457,63.856408,0
-22.311508,63.856633,0
-22.311506,63.856899,0
-22.311480,63.857185,0
-22.311397,63.857671,0
-22.311182,63.858646,0
-22.311120,63.859158,0
-22.311132,63.859604,0
-22.311261,63.860463,0
-22.311483,63.861204,0
-22.312084,63.862296,0
-22.312930,63.863342,0
-22.313386,63.863795,0
-22.313983,63.864286,0
-22.315093,63.865045,0
-22.315955,63.865513,0
-22.316424,63.865729,0
-22.316946,63.865945,0
-22.317045,63.865977,0
-22.317418,63.866095,0
-22.317811,63.866198,0
-22.318251,63.866304,0
-22.318780,63.866415,0
-22.319245,63.866496,0
-22.319757,63.866570,0
-22.320281,63.866621,0
-22.320871,63.866659,0
-22.321476,63.866672,0
-22.322126,63.866667,0
-22.322841,63.866643,0
-22.323386,63.866606,0
-22.324089,63.866543,0
-22.324619,63.866452,0
-22.325171,63.866350,0
-22.325648,63.866238,0
-22.326248,63.866075,0
-22.326629,63.865961,0
-22.326967,63.865840,0
-22.327481,63.865618,0
-22.328623,63.865160,0
-22.329670,63.864827,0
-22.330245,63.864676,0
-22.330798,63.864550,0
-22.331409,63.864439,0
-22.332092,63.864339,0
-22.332703,63.864269,0
-22.333267,63.864227,0
-22.334624,63.864169,0
-22.335395,63.864116,0
-22.336043,63.864051,0
-22.336632,63.863962,0
-22.337223,63.863835,0
-22.337799,63.863668,0
-22.338343,63.863488,0
-22.338589,63.863381,0
-22.338827,63.863267,0
-22.339202,63.863042,0
-22.339468,63.862869,0
-22.339754,63.862652,0
-22.340001,63.862393,0
-22.340199,63.862118,0
-22.340318,63.861856,0
-22.340414,63.861546,0
-22.340516,63.860999,0
-22.340593,63.860731,0
-22.340703,63.860519,0
-22.340868,63.860281,0
-22.341073,63.860067,0
-22.341243,63.859938,0
-22.341684,63.859651,0
-22.342039,63.859474,0
-22.342475,63.859292,0
-22.342856,63.859158,0
-22.343245,63.859038,0
-22.343641,63.858931,0
-22.344029,63.858846,0
-22.344419,63.858761,0
-22.345841,63.858501,0
-22.346605,63.858344,0
-22.347586,63.858118,0
-22.348255,63.857927,0
-22.348763,63.857741,0
-22.349026,63.857624,0
-22.349679,63.857334,0
-22.350650,63.856774,0
-22.351548,63.856159,0
-22.352569,63.855584,0
-22.353690,63.855065,0
-22.354845,63.854652,0
-22.356088,63.854295,0
-22.357738,63.853915,0
-22.359387,63.853496,0
-22.360373,63.853189,0
-22.360998,63.852994,0
-22.362445,63.852440,0
-22.363863,63.851923,0
-22.364593,63.851704,0
-22.365388,63.851496,0
-22.367052,63.851171,0
-22.369213,63.850818,0
-22.369591,63.850752,0
-22.370145,63.850644,0
-22.370841,63.850479,0
-22.371001,63.850441,0
-22.371368,63.850351,0
-22.371894,63.850204,0
-22.372455,63.850022,0
-22.373104,63.849787,0
-22.373484,63.849649,0
-22.374950,63.849039,0
-22.375796,63.848693,0
-22.376472,63.848448,0
-22.377731,63.848041,0
-22.378146,63.847915,0
-22.378539,63.847753,0
-22.378942,63.847555,0
-22.379196,63.847359,0
-22.379394,63.847132,0
-22.379495,63.846992,0
-22.379627,63.846771,0
-22.379815,63.846538,0
-22.380072,63.846275,0
-22.380379,63.846006,0
-22.380521,63.845875,0
-22.381177,63.845392,0
-22.381573,63.845137,0
-22.382018,63.844887,0
-22.382813,63.844487,0
-22.383368,63.844276,0
-22.384110,63.844063,0
-22.384226,63.844043,0
-22.384611,63.843977,0
-22.385196,63.843885,0
-22.385682,63.843834,0
-22.386060,63.843807,0
-22.386457,63.843797,0
-22.386830,63.843800,0
-22.387291,63.843827,0
-22.387988,63.843895,0
-22.388147,63.843912,0
-22.388798,63.843979,0
-22.389523,63.844040,0
-22.389898,63.844075,0
-22.390290,63.844096,0
-22.390773,63.844097,0
-22.391381,63.844060,0
-22.392256,63.843966,0
-22.394142,63.843688,0
-22.395774,63.843438,0
-22.396964,63.843262,0
-22.397940,63.843111,0
-22.398306,63.843060,0
-22.398678,63.843024,0
-22.399226,63.842987,0
-22.400022,63.842954,0
-22.400324,63.842942,0
-22.401244,63.842913,0
-22.402070,63.842906,0
-22.403266,63.842934,0
-22.403640,63.842955,0
-22.404499,63.843003,0
-22.405580,63.843102,0
-22.406399,63.843208,0
-22.407259,63.843343,0
-22.408101,63.843489,0
-22.408719,63.843583,0
-22.409263,63.843691,0
-22.409791,63.843766,0
-22.410225,63.843815,0
-22.410564,63.843839,0
-22.411114,63.843863,0
-22.412082,63.843886,0
-22.412721,63.843898,0
-22.412933,63.843898,0
-22.413083,63.843898,0
-22.414085,63.843914,0
-22.414990,63.843920,0
-22.415140,63.843920,0
-22.416260,63.843923,0
-22.417665,63.843903,0
-22.420415,63.843863,0
-22.422060,63.843839,0
-22.423305,63.843821,0
-22.426254,63.843777,0
-22.426662,63.843755,0
-22.426868,63.843744,0
-22.427342,63.843711,0
-22.429428,63.843564,0
-22.430431,63.843493,0
-22.430618,63.843479,0
-22.430797,63.843466,0
-22.432123,63.843377,0
-22.432342,63.843358,0
-22.432847,63.843321,0
-22.433383,63.843284,0
-22.433606,63.843270,0
-22.433701,63.843263,0
-22.434023,63.843243,0
-22.434635,63.843224,0
-22.434789,63.843227,0
-22.434854,63.843234,0
-22.435044,63.843266,0
-22.435143,63.843290,0
-22.435326,63.843330,0
-22.435488,63.843366,0
-22.435676,63.843406,0
-22.435895,63.843416,0
-22.435847,63.843512,0
-22.435826,63.843553,0
-22.435732,63.843770,0
-22.435610,63.844013,0
-22.435539,63.844146,0
-22.435440,63.844331,0
-22.435338,63.844522,0
-22.435150,63.844888,0
-22.435098,63.844999,0
-22.435001,63.845191,0
-22.434928,63.845199,0
-22.434862,63.845215,0
-22.434807,63.845237,0
-22.434765,63.845266,0
-22.434742,63.845300,0
-22.434740,63.845334,0
-22.434758,63.845368,0
-22.434796,63.845398,0
-22.434851,63.845423,0
-22.434812,63.845751,0
-22.434519,63.846490,0
-22.434370,63.846704,0
-22.434170,63.847147,0
-22.434148,63.847214,0
-22.434107,63.847271,0
-22.434077,63.847453,0
-22.433620,63.848401,0
-22.433584,63.848489,0
-22.432471,63.850797,0
-22.432416,63.850907,0
-22.432136,63.851543,0
-22.432105,63.851624,0
-22.432084,63.851777,0
-22.432106,63.851921,0
-22.432149,63.852040,0
-22.432226,63.852145,0
-22.432417,63.852274,0
-22.432536,63.852318,0
-22.432763,63.852401,0
-22.433210,63.852493,0
-22.433877,63.852576,0
-22.434732,63.852713,0
-22.435066,63.852766,0
-22.435938,63.852959,0
-22.436676,63.853131,0
-22.437066,63.853234,0
-22.437402,63.853390,0
-22.437660,63.853541,0
-22.438014,63.853789,0
-22.438361,63.854077,0
-22.438577,63.854310,0
-22.438661,63.854540,0
-22.438703,63.854722,0
-22.438691,63.855013,0
-22.438673,63.855269,0
-22.438629,63.855448,0
-22.438481,63.855668,0
-22.438188,63.855953,0
-22.437888,63.856154,0
-22.437276,63.856482,0
-22.436628,63.856720,0
-22.436095,63.856918,0
-22.435693,63.857039,0
-22.434835,63.857230,0
-22.432851,63.857668,0
-22.431993,63.857906,0
-22.430854,63.858284,0
-22.430362,63.858440,0
-22.429912,63.858630,0
-22.429235,63.858957,0
-22.428023,63.859615,0
-22.427454,63.860017,0
-22.427028,63.860379,0
-22.426883,63.860504,0
-22.426507,63.860885,0
-22.423487,63.865320,0
-22.423192,63.865746,0
-22.423047,63.865999,0
-22.422907,63.866438,0
-22.422838,63.866638,0
-22.422808,63.866990,0
-22.422838,63.867276,0
-22.422938,63.867648,0
-22.423065,63.867908,0
-22.423122,63.868025,0
-22.423815,63.869166,0
-22.423973,63.869547,0
-22.424018,63.869871,0
-22.423980,63.870326,0
-22.423890,63.870731,0
-22.421610,63.875722,0
-22.421497,63.876254,0
-22.421470,63.877332,0
-22.421709,63.880395,0
-22.421703,63.881346,0
-22.421608,63.882057,0
-22.421557,63.882347,0
-22.421771,63.882341,0
-22.421912,63.882344,0
-22.422006,63.882346,0
-22.422194,63.882351,0
-22.422564,63.882399,0
-22.422977,63.882460,0
-22.423342,63.882503,0
-22.423680,63.882523,0
-22.424023,63.882518,0
-22.424367,63.882496,0
-22.424718,63.882468,0
-22.424996,63.882457,0
-22.425281,63.882459,0
-22.425605,63.882474,0
-22.425969,63.882520,0
-22.426250,63.882569,0
-22.426544,63.882628,0
-22.426867,63.882724,0
-22.427207,63.882847,0
-22.427493,63.882956,0
-22.427709,63.883020,0
-22.427918,63.883073,0
-22.428053,63.883092,0
-22.428200,63.883120,0
-22.428326,63.883139,0
-22.428471,63.883159,0
-22.428613,63.883175,0
-22.428932,63.883192,0
-22.429182,63.883191,0
-22.429453,63.883171,0
-22.431950,63.882929,0
-22.432308,63.882906,0
-22.432487,63.882902,0
-22.432759,63.882913,0
-22.433137,63.882969,0
-22.433517,63.883043,0
-22.433824,63.883102,0
-22.434058,63.883149,0
-22.434273,63.883178,0
-22.434451,63.883187,0
-22.434574,63.883191,0
-22.434678,63.883189,0
-22.434773,63.883180,0
-22.434876,63.883166,0
-22.435394,63.882997,0
-22.435927,63.882845,0
-22.436519,63.882717,0
-22.436993,63.882629,0
-22.437464,63.882570,0
-22.438139,63.882516,0
-22.438826,63.882494,0
-22.439324,63.882500,0
-22.439728,63.882518,0
-22.440527,63.882590,0
-22.441460,63.882739,0
-22.442120,63.882927,0
-22.442566,63.883078,0
-22.443094,63.883263,0
-22.443558,63.883481,0
-22.443961,63.883730,0
-22.444272,63.883982,0
-22.444555,63.884177,0
-22.444833,63.884304,0
-22.445308,63.884416,0
-22.445773,63.884463,0
-22.446294,63.884458,0
-22.446899,63.884366,0
-22.447251,63.884216,0
-22.447392,63.884127,0
-22.447803,63.884192,0
-22.448147,63.884205,0
-22.448446,63.884136,0
-22.449096,63.883830,0
-22.450261,63.883215,0
-22.450643,63.882892,0
-22.451268,63.882262,0
-22.451449,63.882080,0
-22.451879,63.881638,0
-22.452034,63.881482,0
-22.452176,63.881339,0
-22.452267,63.881248,0
-22.452479,63.881068,0
-22.452906,63.880792,0
-22.453371,63.880548,0
-22.453632,63.880422,0
-22.452823,63.880331,0
-22.452638,63.880283,0
-22.452450,63.880230,0
-22.452183,63.880143,0
-22.451913,63.879943,0
-22.451797,63.879863,0
-22.451712,63.879809,0
-22.451528,63.879807,0
-22.451422,63.879815,0
-22.451305,63.879863,0
-22.451305,63.879863,0
-22.451267,63.879908,0
-22.451267,63.879908,0
</coordinates></LineString></Placemark>
<Placemark><name>Depart Hotel Ranga</name>
<description><![CDATA[8:30 AM GMT - Depart Hotel Ranga]]></description>
<styleUrl>#pin_34c759</styleUrl>
<Point><coordinates>-20.360293,63.823171,0</coordinates></Point>
</Placemark>
<Placemark><name>Seljalandsfoss Waterfall</name>
<description><![CDATA[8:50 AM GMT - Seljalandsfoss Waterfall]]></description>
<styleUrl>#pin_34c759</styleUrl>
<Point><coordinates>-19.988169,63.615457,0</coordinates></Point>
</Placemark>
<Placemark><name>Roadside Eyjafjallajökull Viewpoint</name>
<description><![CDATA[9:55 AM GMT - Roadside Eyjafjallajökull Viewpoint]]></description>
<styleUrl>#pin_34c759</styleUrl>
<Point><coordinates>-19.659783,63.546140,0</coordinates></Point>
</Placemark>
<Placemark><name>Skógafoss Waterfall</name>
<description><![CDATA[10:25 AM GMT - Skógafoss Waterfall]]></description>
<styleUrl>#pin_34c759</styleUrl>
<Point><coordinates>-19.511292,63.532104,0</coordinates></Point>
</Placemark>
<Placemark><name>Sólheimajökull Glacier Lagoon Viewpoint</name>
<description><![CDATA[11:20 AM GMT - Sólheimajökull Glacier Lagoon Viewpoint]]></description>
<styleUrl>#pin_34c759</styleUrl>
<Point><coordinates>-19.295502,63.566020,0</coordinates></Point>
</Placemark>
<Placemark><name>Reynisfjara Black Sand Beach</name>
<description><![CDATA[12:10 PM GMT - Reynisfjara Black Sand Beach]]></description>
<styleUrl>#pin_34c759</styleUrl>
<Point><coordinates>-19.058799,63.404426,0</coordinates></Point>
</Placemark>
<Placemark><name>Skálakot Manor Restaurant</name>
<description><![CDATA[1:00 PM GMT - Skálakot Manor Restaurant]]></description>
<styleUrl>#pin_34c759</styleUrl>
<Point><coordinates>-19.795156,63.571677,0</coordinates></Point>
</Placemark>
<Placemark><name>Volcanic Loop Walk at Kerið Crater</name>
<description><![CDATA[3:15 PM GMT - Volcanic Loop Walk at Kerið Crater]]></description>
<styleUrl>#pin_34c759</styleUrl>
<Point><coordinates>-20.886481,64.041788,0</coordinates></Point>
</Placemark>
<Placemark><name>Arrive The Retreat at Blue Lagoon Iceland</name>
<description><![CDATA[5:45 PM GMT - Arrive The Retreat at Blue Lagoon Iceland]]></description>
<styleUrl>#pin_34c759</styleUrl>
<Point><coordinates>-22.449956,63.879437,0</coordinates></Point>
</Placemark>
<Placemark><name>Blue Lagoon</name>
<description><![CDATA[Blue Lagoon - Enjoy Thermal Waters]]></description>
<styleUrl>#pin_34c759</styleUrl>
<Point><coordinates>-22.449354,63.880049,0</coordinates></Point>
</Placemark>
<Placemark><name>Lava Restaurant</name>
<description><![CDATA[8:00 PM GMT - Lava Restaurant]]></description>
<styleUrl>#pin_34c759</styleUrl>
<Point><coordinates>-22.449354,63.880049,0</coordinates></Point>
</Placemark>
</Folder>
<Folder><name>Sun, Sep 6</name>
<Placemark><name>Sun, Sep 6 - driving route</name><styleUrl>#route_007aff</styleUrl>
<LineString><tessellate>1</tessellate><altitudeMode>clampToGround</altitudeMode><coordinates>
-22.675973,63.866549,0
-22.676424,63.866386,0
-22.676687,63.866291,0
-22.676822,63.866201,0
-22.676911,63.866136,0
-22.677012,63.866075,0
-22.677125,63.866017,0
-22.677247,63.865965,0
-22.677378,63.865918,0
-22.677518,63.865876,0
-22.677599,63.865850,0
-22.677670,63.865820,0
-22.677730,63.865785,0
-22.677777,63.865746,0
-22.677814,63.865701,0
-22.677833,63.865654,0
-22.677886,63.865568,0
-22.677909,63.865527,0
-22.677947,63.865488,0
-22.677997,63.865454,0
-22.678058,63.865424,0
-22.678354,63.865325,0
-22.678090,63.864919,0
-22.677898,63.864539,0
-22.677751,63.864150,0
-22.677639,63.863772,0
-22.677570,63.863283,0
-22.677539,63.862816,0
-22.677375,63.859498,0
-22.677319,63.857204,0
-22.677190,63.852939,0
-22.677058,63.849648,0
-22.677030,63.848333,0
-22.677045,63.847872,0
-22.677063,63.847680,0
-22.677111,63.847297,0
-22.677221,63.846859,0
-22.677332,63.846475,0
-22.677474,63.846025,0
-22.677587,63.845723,0
-22.677688,63.845465,0
-22.677832,63.845192,0
-22.677987,63.844946,0
-22.678459,63.844210,0
-22.678910,63.843584,0
-22.679355,63.842956,0
-22.682475,63.838592,0
-22.682681,63.838228,0
-22.682840,63.837875,0
-22.682953,63.837552,0
-22.683034,63.837197,0
-22.683107,63.836642,0
-22.683105,63.836139,0
-22.682954,63.833951,0
-22.682777,63.832215,0
-22.682712,63.831950,0
-22.682623,63.831685,0
-22.682469,63.831373,0
-22.682215,63.831032,0
-22.681957,63.830751,0
-22.681588,63.830395,0
-22.681941,63.830314,0
-22.682146,63.830268,0
-22.682357,63.830235,0
-22.682583,63.830214,0
-22.682947,63.830205,0
-22.683367,63.830213,0
-22.692605,63.830361,0
-22.697357,63.830438,0
-22.697534,63.830436,0
-22.697621,63.830431,0
-22.697739,63.830422,0
-22.697873,63.830399,0
-22.698000,63.830368,0
-22.698122,63.830320,0
-22.698212,63.830267,0
-22.698294,63.830198,0
-22.698340,63.830134,0
-22.698360,63.830042,0
-22.698368,63.830001,0
-22.698376,63.829885,0
-22.698482,63.828347,0
-22.698488,63.828278,0
-22.698502,63.828232,0
-22.698528,63.828205,0
-22.698573,63.828180,0
-22.698628,63.828165,0
-22.698704,63.828151,0
-22.698808,63.828149,0
-22.699062,63.828153,0
-22.705503,63.828444,0
-22.705703,63.828450,0
-22.705791,63.828451,0
-22.705860,63.828450,0
-22.705903,63.828443,0
-22.705948,63.828427,0
-22.706013,63.828397,0
-22.706039,63.828378,0
-22.706060,63.828350,0
-22.706073,63.828322,0
-22.706074,63.828287,0
-22.706060,63.828238,0
-22.706028,63.828166,0
-22.705976,63.828073,0
-22.705892,63.827960,0
-22.705475,63.827444,0
-22.705370,63.827283,0
-22.705299,63.827145,0
-22.705268,63.827049,0
-22.705262,63.826994,0
-22.705270,63.826945,0
-22.705288,63.826868,0
-22.705353,63.826650,0
-22.705385,63.826527,0
-22.705401,63.826406,0
-22.705401,63.826285,0
-22.705371,63.826125,0
-22.705320,63.825968,0
-22.705272,63.825850,0
-22.705217,63.825751,0
-22.705183,63.825709,0
-22.705133,63.825656,0
-22.704771,63.825320,0
-22.704443,63.825005,0
-22.704027,63.824587,0
-22.703795,63.824375,0
-22.703538,63.824160,0
-22.702543,63.823338,0
-22.701823,63.822673,0
-22.701410,63.822282,0
-22.701242,63.822114,0
-22.700944,63.821755,0
-22.700619,63.821323,0
-22.700270,63.820830,0
-22.700110,63.820603,0
-22.700006,63.820472,0
-22.699851,63.820315,0
-22.699715,63.820190,0
-22.699218,63.819734,0
-22.699007,63.819507,0
-22.698529,63.818943,0
-22.698125,63.818457,0
-22.697927,63.818216,0
-22.697653,63.817848,0
-22.697529,63.817708,0
-22.697480,63.817658,0
-22.697408,63.817608,0
-22.697339,63.817565,0
-22.697246,63.817525,0
-22.697105,63.817465,0
-22.696900,63.817387,0
-22.696329,63.817196,0
-22.696503,63.817099,0
-22.696627,63.817022,0
-22.696740,63.816938,0
-22.696868,63.816821,0
-22.696990,63.816723,0
-22.697127,63.816617,0
-22.697348,63.816479,0
-22.697819,63.816196,0
-22.697974,63.816113,0
-22.698114,63.816046,0
-22.698337,63.815949,0
-22.698627,63.815846,0
-22.699129,63.815666,0
-22.699444,63.815544,0
-22.699893,63.815360,0
-22.700222,63.815238,0
-22.700349,63.815195,0
-22.700489,63.815153,0
-22.700549,63.815138,0
-22.700621,63.815123,0
-22.700691,63.815112,0
-22.700783,63.815100,0
-22.701321,63.815042,0
-22.701818,63.814982,0
-22.702295,63.814919,0
-22.702772,63.814831,0
-22.703115,63.814770,0
-22.703422,63.814691,0
-22.703810,63.814580,0
-22.704074,63.814801,0
-22.704074,63.814801,0
-22.703810,63.814580,0
-22.703422,63.814691,0
-22.703115,63.814770,0
-22.702772,63.814831,0
-22.702295,63.814919,0
-22.701818,63.814982,0
-22.701321,63.815042,0
-22.700783,63.815100,0
-22.700691,63.815112,0
-22.700621,63.815123,0
-22.700549,63.815138,0
-22.700489,63.815153,0
-22.700349,63.815195,0
-22.700222,63.815238,0
-22.699893,63.815360,0
-22.699444,63.815544,0
-22.699129,63.815666,0
-22.698627,63.815846,0
-22.698337,63.815949,0
-22.698114,63.816046,0
-22.697974,63.816113,0
-22.697819,63.816196,0
-22.697348,63.816479,0
-22.697127,63.816617,0
-22.696990,63.816723,0
-22.696868,63.816821,0
-22.696740,63.816938,0
-22.696627,63.817022,0
-22.696503,63.817099,0
-22.696329,63.817196,0
-22.696900,63.817387,0
-22.697105,63.817465,0
-22.697246,63.817525,0
-22.697339,63.817565,0
-22.697408,63.817608,0
-22.697480,63.817658,0
-22.697529,63.817708,0
-22.697653,63.817848,0
-22.697927,63.818216,0
-22.698125,63.818457,0
-22.698529,63.818943,0
-22.699007,63.819507,0
-22.699218,63.819734,0
-22.699715,63.820190,0
-22.699851,63.820315,0
-22.700006,63.820472,0
-22.700110,63.820603,0
-22.700270,63.820830,0
-22.700619,63.821323,0
-22.700944,63.821755,0
-22.701242,63.822114,0
-22.701410,63.822282,0
-22.701823,63.822673,0
-22.702543,63.823338,0
-22.703538,63.824160,0
-22.703795,63.824375,0
-22.704027,63.824587,0
-22.704443,63.825005,0
-22.704771,63.825320,0
-22.705133,63.825656,0
-22.705183,63.825709,0
-22.705217,63.825751,0
-22.705272,63.825850,0
-22.705320,63.825968,0
-22.705371,63.826125,0
-22.705401,63.826285,0
-22.705401,63.826406,0
-22.705385,63.826527,0
-22.705353,63.826650,0
-22.705288,63.826868,0
-22.705270,63.826945,0
-22.705262,63.826994,0
-22.705268,63.827049,0
-22.705299,63.827145,0
-22.705370,63.827283,0
-22.705475,63.827444,0
-22.705892,63.827960,0
-22.705976,63.828073,0
-22.706028,63.828166,0
-22.706060,63.828238,0
-22.706074,63.828287,0
-22.706073,63.828322,0
-22.706060,63.828350,0
-22.706039,63.828378,0
-22.706013,63.828397,0
-22.705948,63.828427,0
-22.705903,63.828443,0
-22.705860,63.828450,0
-22.705791,63.828451,0
-22.705703,63.828450,0
-22.705503,63.828444,0
-22.699062,63.828153,0
-22.698808,63.828149,0
-22.698704,63.828151,0
-22.698628,63.828165,0
-22.698573,63.828180,0
-22.698528,63.828205,0
-22.698502,63.828232,0
-22.698488,63.828278,0
-22.698482,63.828347,0
-22.698376,63.829885,0
-22.698368,63.830001,0
-22.698360,63.830042,0
-22.698340,63.830134,0
-22.698294,63.830198,0
-22.698212,63.830267,0
-22.698122,63.830320,0
-22.698000,63.830368,0
-22.697873,63.830399,0
-22.697739,63.830422,0
-22.697621,63.830431,0
-22.697534,63.830436,0
-22.697357,63.830438,0
-22.692605,63.830361,0
-22.683367,63.830213,0
-22.682947,63.830205,0
-22.682583,63.830214,0
-22.682357,63.830235,0
-22.682146,63.830268,0
-22.681941,63.830314,0
-22.681588,63.830395,0
-22.681075,63.830043,0
-22.680649,63.829786,0
-22.680129,63.829522,0
-22.679784,63.829358,0
-22.679443,63.829211,0
-22.678779,63.828960,0
-22.678027,63.828706,0
-22.677344,63.828489,0
-22.676792,63.828304,0
-22.676499,63.828191,0
-22.676161,63.828039,0
-22.675881,63.827891,0
-22.675580,63.827708,0
-22.675320,63.827513,0
-22.675139,63.827350,0
-22.675009,63.827216,0
-22.674865,63.827033,0
-22.674751,63.826838,0
-22.674542,63.826498,0
-22.674389,63.826317,0
-22.674276,63.826207,0
-22.674151,63.826100,0
-22.673991,63.825980,0
-22.673821,63.825876,0
-22.673596,63.825768,0
-22.673287,63.825641,0
-22.672883,63.825505,0
-22.672605,63.825436,0
-22.672289,63.825363,0
-22.671876,63.825290,0
-22.671423,63.825226,0
-22.670552,63.825129,0
-22.669626,63.825026,0
-22.668674,63.824906,0
-22.668000,63.824820,0
-22.667404,63.824742,0
-22.666833,63.824688,0
-22.666334,63.824656,0
-22.665853,63.824646,0
-22.665415,63.824651,0
-22.665004,63.824673,0
-22.664546,63.824703,0
-22.663702,63.824756,0
-22.662960,63.824793,0
-22.662279,63.824812,0
-22.662281,63.824725,0
-22.662291,63.824681,0
-22.662313,63.824643,0
-22.662352,63.824606,0
-22.662418,63.824564,0
-22.662706,63.824404,0
-22.662855,63.824330,0
-22.663135,63.824203,0
-22.663289,63.824132,0
-22.663427,63.824054,0
-22.663655,63.823913,0
-22.663746,63.823863,0
-22.663820,63.823828,0
-22.663905,63.823801,0
-22.664072,63.823755,0
-22.664900,63.823554,0
-22.665270,63.823450,0
-22.665477,63.823400,0
-22.665772,63.823341,0
-22.665902,63.823306,0
-22.665985,63.823273,0
-22.666066,63.823227,0
-22.666175,63.823133,0
-22.666223,63.823097,0
-22.666259,63.823073,0
-22.666381,63.823007,0
-22.666518,63.822942,0
-22.666660,63.822872,0
-22.666761,63.822803,0
-22.667040,63.822588,0
-22.667197,63.822489,0
-22.667322,63.822431,0
-22.667569,63.822329,0
-22.667762,63.822259,0
-22.667906,63.822201,0
-22.668212,63.822061,0
-22.668415,63.821983,0
-22.668596,63.821927,0
-22.668709,63.821909,0
-22.668819,63.821897,0
-22.669018,63.821892,0
-22.669347,63.821892,0
-22.669823,63.821880,0
-22.670185,63.821871,0
-22.670431,63.821852,0
-22.670651,63.821826,0
-22.670909,63.821782,0
-22.671115,63.821737,0
-22.671200,63.821710,0
-22.671393,63.821650,0
-22.671582,63.821566,0
-22.671700,63.821501,0
-22.671794,63.821430,0
-22.671916,63.821319,0
-22.672094,63.821174,0
-22.672299,63.821052,0
-22.672396,63.821006,0
-22.672483,63.820970,0
-22.672619,63.820935,0
-22.672872,63.820898,0
-22.673121,63.820884,0
-22.673278,63.820871,0
-22.673450,63.820848,0
-22.673623,63.820814,0
-22.673812,63.820758,0
-22.674155,63.820614,0
-22.674282,63.820565,0
-22.674417,63.820520,0
-22.674607,63.820474,0
-22.675064,63.820402,0
-22.675246,63.820360,0
-22.675444,63.820299,0
-22.675630,63.820223,0
-22.675844,63.820150,0
-22.675976,63.820122,0
-22.676088,63.820103,0
-22.676269,63.820083,0
-22.676774,63.820047,0
-22.677095,63.820035,0
-22.677495,63.820009,0
-22.677962,63.819972,0
-22.678349,63.819952,0
-22.678483,63.819945,0
-22.678619,63.819939,0
-22.678758,63.819925,0
-22.678956,63.819897,0
-22.679161,63.819866,0
-22.679291,63.819842,0
-22.679518,63.819810,0
-22.679773,63.819773,0
-22.680015,63.819733,0
-22.680347,63.819665,0
-22.680556,63.819607,0
-22.680762,63.819536,0
-22.681313,63.819304,0
-22.681604,63.819176,0
-22.681724,63.819132,0
-22.681851,63.819095,0
-22.681906,63.819081,0
-22.681971,63.819071,0
-22.682029,63.819065,0
-22.682109,63.819062,0
-22.682193,63.819063,0
-22.682193,63.819063,0
-22.682109,63.819062,0
-22.682029,63.819065,0
-22.681971,63.819071,0
-22.681906,63.819081,0
-22.681851,63.819095,0
-22.681724,63.819132,0
-22.681604,63.819176,0
-22.681313,63.819304,0
-22.680762,63.819536,0
-22.680556,63.819607,0
-22.680347,63.819665,0
-22.680015,63.819733,0
-22.679773,63.819773,0
-22.679518,63.819810,0
-22.679291,63.819842,0
-22.679161,63.819866,0
-22.678956,63.819897,0
-22.678758,63.819925,0
-22.678619,63.819939,0
-22.678483,63.819945,0
-22.678349,63.819952,0
-22.677962,63.819972,0
-22.677495,63.820009,0
-22.677095,63.820035,0
-22.676774,63.820047,0
-22.676269,63.820083,0
-22.676088,63.820103,0
-22.675976,63.820122,0
-22.675844,63.820150,0
-22.675630,63.820223,0
-22.675444,63.820299,0
-22.675246,63.820360,0
-22.675064,63.820402,0
-22.674607,63.820474,0
-22.674417,63.820520,0
-22.674282,63.820565,0
-22.674155,63.820614,0
-22.673812,63.820758,0
-22.673623,63.820814,0
-22.673450,63.820848,0
-22.673278,63.820871,0
-22.673121,63.820884,0
-22.672872,63.820898,0
-22.672619,63.820935,0
-22.672483,63.820970,0
-22.672396,63.821006,0
-22.672299,63.821052,0
-22.672094,63.821174,0
-22.671916,63.821319,0
-22.671794,63.821430,0
-22.671700,63.821501,0
-22.671582,63.821566,0
-22.671393,63.821650,0
-22.671200,63.821710,0
-22.671115,63.821737,0
-22.670909,63.821782,0
-22.670651,63.821826,0
-22.670431,63.821852,0
-22.670185,63.821871,0
-22.669823,63.821880,0
-22.669347,63.821892,0
-22.669018,63.821892,0
-22.668819,63.821897,0
-22.668709,63.821909,0
-22.668596,63.821927,0
-22.668415,63.821983,0
-22.668212,63.822061,0
-22.667906,63.822201,0
-22.667762,63.822259,0
-22.667569,63.822329,0
-22.667322,63.822431,0
-22.667197,63.822489,0
-22.667040,63.822588,0
-22.666761,63.822803,0
-22.666660,63.822872,0
-22.666518,63.822942,0
-22.666381,63.823007,0
-22.666259,63.823073,0
-22.666223,63.823097,0
-22.666175,63.823133,0
-22.666066,63.823227,0
-22.665985,63.823273,0
-22.665902,63.823306,0
-22.665772,63.823341,0
-22.665477,63.823400,0
-22.665270,63.823450,0
-22.664900,63.823554,0
-22.664072,63.823755,0
-22.663905,63.823801,0
-22.663820,63.823828,0
-22.663746,63.823863,0
-22.663655,63.823913,0
-22.663427,63.824054,0
-22.663289,63.824132,0
-22.663135,63.824203,0
-22.662855,63.824330,0
-22.662706,63.824404,0
-22.662418,63.824564,0
-22.662352,63.824606,0
-22.662313,63.824643,0
-22.662291,63.824681,0
-22.662281,63.824725,0
-22.662279,63.824812,0
-22.661158,63.824848,0
-22.660089,63.824879,0
-22.659112,63.824927,0
-22.657309,63.825064,0
-22.656936,63.825094,0
-22.656554,63.825111,0
-22.656185,63.825120,0
-22.655812,63.825120,0
-22.655399,63.825120,0
-22.655015,63.825106,0
-22.654640,63.825080,0
-22.653482,63.824993,0
-22.653160,63.824980,0
-22.652836,63.824977,0
-22.652538,63.824984,0
-22.652244,63.825004,0
-22.652002,63.825034,0
-22.651771,63.825076,0
-22.651560,63.825131,0
-22.651362,63.825198,0
-22.651170,63.825286,0
-22.650923,63.825428,0
-22.650518,63.825668,0
-22.650351,63.825738,0
-22.650203,63.825790,0
-22.649989,63.825853,0
-22.649863,63.825881,0
-22.649751,63.825903,0
-22.649476,63.825939,0
-22.648666,63.826037,0
-22.648068,63.826109,0
-22.647474,63.826197,0
-22.646883,63.826288,0
-22.646517,63.826348,0
-22.645881,63.826467,0
-22.645302,63.826567,0
-22.644852,63.826632,0
-22.644118,63.826727,0
-22.643636,63.826796,0
-22.643222,63.826865,0
-22.642624,63.826978,0
-22.642205,63.827049,0
-22.641843,63.827097,0
-22.641549,63.827119,0
-22.641280,63.827121,0
-22.641069,63.827114,0
-22.640753,63.827093,0
-22.640503,63.827064,0
-22.640235,63.827024,0
-22.639832,63.826958,0
-22.638873,63.826777,0
-22.637568,63.826551,0
-22.637265,63.826509,0
-22.636982,63.826487,0
-22.636669,63.826474,0
-22.636380,63.826475,0
-22.635698,63.826484,0
-22.635234,63.826485,0
-22.634813,63.826470,0
-22.634441,63.826439,0
-22.634123,63.826403,0
-22.633655,63.826326,0
-22.633314,63.826263,0
-22.632980,63.826186,0
-22.632480,63.826058,0
-22.631884,63.825913,0
-22.631572,63.825852,0
-22.631244,63.825805,0
-22.630610,63.825730,0
-22.629890,63.825659,0
-22.629071,63.825593,0
-22.628277,63.825543,0
-22.627314,63.825497,0
-22.626278,63.825464,0
-22.625347,63.825460,0
-22.624229,63.825464,0
-22.623414,63.825461,0
-22.622532,63.825439,0
-22.621626,63.825382,0
-22.620866,63.825300,0
-22.620383,63.825235,0
-22.619638,63.825104,0
-22.618707,63.824919,0
-22.617750,63.824719,0
-22.616878,63.824512,0
-22.616032,63.824297,0
-22.615183,63.824071,0
-22.614658,63.823912,0
-22.611995,63.823105,0
-22.611186,63.822920,0
-22.610416,63.822776,0
-22.609432,63.822615,0
-22.607488,63.822324,0
-22.604761,63.821882,0
-22.602229,63.821512,0
-22.602439,63.821361,0
-22.602519,63.821312,0
-22.602533,63.821304,0
-22.602636,63.821250,0
-22.602747,63.821199,0
-22.602830,63.821166,0
-22.602916,63.821134,0
-22.603125,63.821058,0
-22.603211,63.821029,0
-22.603291,63.820997,0
-22.603366,63.820963,0
-22.603460,63.820910,0
-22.603541,63.820853,0
-22.603607,63.820792,0
-22.603658,63.820729,0
-22.603701,63.820688,0
-22.603761,63.820650,0
-22.603834,63.820618,0
-22.603920,63.820592,0
-22.603999,63.820575,0
-22.604084,63.820564,0
-22.604171,63.820559,0
-22.604259,63.820559,0
-22.604625,63.820566,0
-22.604884,63.820568,0
-22.605378,63.820569,0
-22.605505,63.820563,0
-22.605610,63.820556,0
-22.605804,63.820539,0
-22.606034,63.820512,0
-22.606093,63.820501,0
-22.606142,63.820482,0
-22.606174,63.820457,0
-22.606188,63.820429,0
-22.606182,63.820401,0
-22.606158,63.820375,0
-22.606118,63.820354,0
-22.606065,63.820339,0
-22.606004,63.820332,0
-22.606004,63.820332,0
-22.605941,63.820333,0
-22.605793,63.820342,0
-22.604884,63.820568,0
-22.604625,63.820566,0
-22.604259,63.820559,0
-22.604171,63.820559,0
-22.604084,63.820564,0
-22.603999,63.820575,0
-22.603920,63.820592,0
-22.603834,63.820618,0
-22.603761,63.820650,0
-22.603701,63.820688,0
-22.603658,63.820729,0
-22.603607,63.820792,0
-22.603541,63.820853,0
-22.603460,63.820910,0
-22.603366,63.820963,0
-22.603291,63.820997,0
-22.603211,63.821029,0
-22.603125,63.821058,0
-22.602916,63.821134,0
-22.602830,63.821166,0
-22.602747,63.821199,0
-22.602636,63.821250,0
-22.602533,63.821304,0
-22.602519,63.821312,0
-22.602439,63.821361,0
-22.602229,63.821512,0
-22.600026,63.821195,0
-22.599071,63.821053,0
-22.598044,63.820878,0
-22.597518,63.820766,0
-22.597057,63.820661,0
-22.596230,63.820437,0
-22.595566,63.820247,0
-22.594922,63.820074,0
-22.594530,63.819998,0
-22.594096,63.819936,0
-22.593794,63.819905,0
-22.593309,63.819873,0
-22.592936,63.819863,0
-22.592498,63.819865,0
-22.591689,63.819876,0
-22.590965,63.819872,0
-22.590060,63.819841,0
-22.589032,63.819801,0
-22.588098,63.819776,0
-22.586990,63.819751,0
-22.585915,63.819712,0
-22.585512,63.819693,0
-22.584930,63.819653,0
-22.583894,63.819556,0
-22.583205,63.819503,0
-22.582082,63.819443,0
-22.581486,63.819424,0
-22.580825,63.819411,0
-22.578971,63.819395,0
-22.575374,63.819364,0
-22.573229,63.819340,0
-22.571952,63.819334,0
-22.571319,63.819326,0
-22.570724,63.819310,0
-22.570320,63.819287,0
-22.569924,63.819255,0
-22.568753,63.819137,0
-22.568446,63.819107,0
-22.568066,63.819082,0
-22.567467,63.819065,0
-22.567058,63.819065,0
-22.566577,63.819075,0
-22.565082,63.819125,0
-22.564130,63.819149,0
-22.563646,63.819150,0
-22.563122,63.819133,0
-22.562347,63.819095,0
-22.561668,63.819038,0
-22.561018,63.818967,0
-22.560451,63.818900,0
-22.560172,63.818875,0
-22.559946,63.818862,0
-22.559708,63.818860,0
-22.559465,63.818869,0
-22.559036,63.818899,0
-22.558672,63.818939,0
-22.557893,63.819030,0
-22.557085,63.819125,0
-22.556864,63.819164,0
-22.556722,63.819209,0
-22.556320,63.819366,0
-22.555892,63.819596,0
-22.555742,63.819661,0
-22.555560,63.819718,0
-22.555279,63.819765,0
-22.555115,63.819778,0
-22.554869,63.819792,0
-22.554641,63.819787,0
-22.554333,63.819760,0
-22.553997,63.819698,0
-22.553769,63.819664,0
-22.553482,63.819650,0
-22.553179,63.819657,0
-22.552840,63.819689,0
-22.552245,63.819803,0
-22.551609,63.819901,0
-22.551196,63.819924,0
-22.550796,63.819919,0
-22.550490,63.819897,0
-22.549992,63.819835,0
-22.549563,63.819738,0
-22.549222,63.819623,0
-22.548964,63.819523,0
-22.548918,63.819499,0
-22.548380,63.819218,0
-22.547475,63.818733,0
-22.547026,63.818507,0
-22.546696,63.818363,0
-22.546248,63.818193,0
-22.545847,63.818074,0
-22.545383,63.817963,0
-22.544888,63.817870,0
-22.544272,63.817780,0
-22.543786,63.817736,0
-22.543180,63.817709,0
-22.542572,63.817704,0
-22.541893,63.817728,0
-22.540728,63.817835,0
-22.539920,63.817893,0
-22.539101,63.817916,0
-22.538410,63.817920,0
-22.538002,63.817922,0
-22.537569,63.817935,0
-22.537198,63.817956,0
-22.536834,63.817991,0
-22.536525,63.818028,0
-22.536179,63.818087,0
-22.535964,63.818132,0
-22.535743,63.818197,0
-22.535535,63.818272,0
-22.535339,63.818367,0
-22.534924,63.818622,0
-22.534760,63.818712,0
-22.534571,63.818799,0
-22.534258,63.818906,0
-22.533912,63.818986,0
-22.533643,63.819036,0
-22.533337,63.819068,0
-22.533057,63.819094,0
-22.532752,63.819112,0
-22.532384,63.819115,0
-22.531984,63.819100,0
-22.531041,63.819047,0
-22.530576,63.819033,0
-22.530260,63.819039,0
-22.529990,63.819058,0
-22.529511,63.819102,0
-22.529198,63.819154,0
-22.529029,63.819182,0
-22.528601,63.819267,0
-22.528215,63.819376,0
-22.528081,63.819423,0
-22.527901,63.819485,0
-22.527610,63.819611,0
-22.526365,63.820293,0
-22.525816,63.820539,0
-22.525514,63.820655,0
-22.525014,63.820828,0
-22.524570,63.820951,0
-22.524050,63.821080,0
-22.521428,63.821808,0
-22.519858,63.822295,0
-22.519057,63.822591,0
-22.518230,63.822930,0
-22.518071,63.823014,0
-22.517400,63.823372,0
-22.516565,63.823860,0
-22.515435,63.824719,0
-22.514942,63.825237,0
-22.514643,63.825624,0
-22.514214,63.826283,0
-22.514037,63.826800,0
-22.513870,63.827474,0
-22.513854,63.828127,0
-22.513885,63.828796,0
-22.513824,63.829125,0
-22.513647,63.829464,0
-22.513333,63.829833,0
-22.512953,63.830162,0
-22.512679,63.830349,0
-22.512396,63.830484,0
-22.512085,63.830607,0
-22.511748,63.830717,0
-22.511690,63.830732,0
-22.511364,63.830817,0
-22.511027,63.830879,0
-22.510532,63.830947,0
-22.510112,63.830983,0
-22.509116,63.831060,0
-22.508911,63.831075,0
-22.503095,63.831505,0
-22.500490,63.831657,0
-22.499464,63.831697,0
-22.498192,63.831760,0
-22.497826,63.831775,0
-22.495667,63.831831,0
-22.494492,63.831861,0
-22.493694,63.831923,0
-22.493264,63.831970,0
-22.493118,63.831992,0
-22.492712,63.832053,0
-22.491816,63.832235,0
-22.490194,63.832593,0
-22.489656,63.832703,0
-22.489123,63.832793,0
-22.488647,63.832859,0
-22.488222,63.832903,0
-22.487886,63.832932,0
-22.484904,63.833107,0
-22.482161,63.833278,0
-22.480339,63.833392,0
-22.479993,63.833417,0
-22.479644,63.833452,0
-22.479048,63.833516,0
-22.478399,63.833622,0
-22.477660,63.833777,0
-22.476983,63.833976,0
-22.476454,63.834154,0
-22.475406,63.834511,0
-22.474996,63.834637,0
-22.474598,63.834747,0
-22.474037,63.834881,0
-22.473418,63.835000,0
-22.472941,63.835074,0
-22.472845,63.835084,0
-22.472166,63.835152,0
-22.470429,63.835293,0
-22.468545,63.835492,0
-22.468052,63.835544,0
-22.465275,63.835911,0
-22.462399,63.836351,0
-22.460219,63.836707,0
-22.459468,63.836839,0
-22.458754,63.836992,0
-22.458030,63.837193,0
-22.457388,63.837420,0
-22.456056,63.838023,0
-22.454873,63.838713,0
-22.454767,63.838774,0
-22.454594,63.838872,0
-22.452837,63.839880,0
-22.450923,63.840953,0
-22.449757,63.841619,0
-22.449077,63.842058,0
-22.448527,63.842440,0
-22.448056,63.842814,0
-22.447817,63.843041,0
-22.447481,63.843371,0
-22.447104,63.843775,0
-22.446819,63.844122,0
-22.446528,63.844526,0
-22.446031,63.845481,0
-22.445974,63.845590,0
-22.445744,63.846065,0
-22.445473,63.846624,0
-22.445290,63.846877,0
-22.445104,63.847095,0
-22.444877,63.847307,0
-22.444680,63.847483,0
-22.444450,63.847641,0
-22.444107,63.847859,0
-22.443762,63.848058,0
-22.442362,63.848816,0
-22.441980,63.849008,0
-22.440929,63.849521,0
-22.440255,63.849844,0
-22.439866,63.850004,0
-22.439590,63.850124,0
-22.439466,63.850178,0
-22.439015,63.850348,0
-22.438595,63.850477,0
-22.438234,63.850574,0
-22.437833,63.850666,0
-22.437334,63.850754,0
-22.436852,63.850827,0
-22.436189,63.850896,0
-22.435714,63.850929,0
-22.435214,63.850944,0
-22.434934,63.850942,0
-22.434671,63.850941,0
-22.434060,63.850913,0
-22.433504,63.850873,0
-22.432886,63.850825,0
-22.432766,63.850817,0
-22.432471,63.850797,0
-22.432416,63.850907,0
-22.432136,63.851543,0
-22.432105,63.851624,0
-22.432084,63.851777,0
-22.432106,63.851921,0
-22.432149,63.852040,0
-22.432226,63.852145,0
-22.432417,63.852274,0
-22.432536,63.852318,0
-22.432763,63.852401,0
-22.433210,63.852493,0
-22.433877,63.852576,0
-22.434732,63.852713,0
-22.435066,63.852766,0
-22.435938,63.852959,0
-22.436676,63.853131,0
-22.437066,63.853234,0
-22.437402,63.853390,0
-22.437660,63.853541,0
-22.438014,63.853789,0
-22.438361,63.854077,0
-22.438577,63.854310,0
-22.438661,63.854540,0
-22.438703,63.854722,0
-22.438691,63.855013,0
-22.438673,63.855269,0
-22.438629,63.855448,0
-22.438481,63.855668,0
-22.438188,63.855953,0
-22.437888,63.856154,0
-22.437276,63.856482,0
-22.436628,63.856720,0
-22.436095,63.856918,0
-22.435693,63.857039,0
-22.434835,63.857230,0
-22.432851,63.857668,0
-22.431993,63.857906,0
-22.430854,63.858284,0
-22.430362,63.858440,0
-22.429912,63.858630,0
-22.429235,63.858957,0
-22.428023,63.859615,0
-22.427454,63.860017,0
-22.427028,63.860379,0
-22.426883,63.860504,0
-22.426507,63.860885,0
-22.423487,63.865320,0
-22.423192,63.865746,0
-22.423047,63.865999,0
-22.422907,63.866438,0
-22.422838,63.866638,0
-22.422808,63.866990,0
-22.422838,63.867276,0
-22.422938,63.867648,0
-22.423065,63.867908,0
-22.423122,63.868025,0
-22.423815,63.869166,0
-22.423973,63.869547,0
-22.424018,63.869871,0
-22.423980,63.870326,0
-22.423890,63.870731,0
-22.421610,63.875722,0
-22.421497,63.876254,0
-22.421470,63.877332,0
-22.421709,63.880395,0
-22.421703,63.881346,0
-22.421608,63.882057,0
-22.421557,63.882347,0
-22.421771,63.882341,0
-22.421912,63.882344,0
-22.422006,63.882346,0
-22.422194,63.882351,0
-22.422564,63.882399,0
-22.422977,63.882460,0
-22.423342,63.882503,0
-22.423680,63.882523,0
-22.424023,63.882518,0
-22.424367,63.882496,0
-22.424718,63.882468,0
-22.424996,63.882457,0
-22.425281,63.882459,0
-22.425605,63.882474,0
-22.425969,63.882520,0
-22.426250,63.882569,0
-22.426544,63.882628,0
-22.426867,63.882724,0
-22.427207,63.882847,0
-22.427493,63.882956,0
-22.427709,63.883020,0
-22.427918,63.883073,0
-22.428053,63.883092,0
-22.428200,63.883120,0
-22.428326,63.883139,0
-22.428471,63.883159,0
-22.428613,63.883175,0
-22.428932,63.883192,0
-22.429182,63.883191,0
-22.429453,63.883171,0
-22.431950,63.882929,0
-22.432308,63.882906,0
-22.432487,63.882902,0
-22.432759,63.882913,0
-22.433137,63.882969,0
-22.433517,63.883043,0
-22.433824,63.883102,0
-22.434058,63.883149,0
-22.434273,63.883178,0
-22.434451,63.883187,0
-22.434574,63.883191,0
-22.434678,63.883189,0
-22.434773,63.883180,0
-22.434876,63.883166,0
-22.435394,63.882997,0
-22.435927,63.882845,0
-22.436519,63.882717,0
-22.436993,63.882629,0
-22.437464,63.882570,0
-22.438139,63.882516,0
-22.438826,63.882494,0
-22.439324,63.882500,0
-22.439728,63.882518,0
-22.440527,63.882590,0
-22.441460,63.882739,0
-22.442120,63.882927,0
-22.442566,63.883078,0
-22.443094,63.883263,0
-22.443558,63.883481,0
-22.443961,63.883730,0
-22.444272,63.883982,0
-22.444555,63.884177,0
-22.444833,63.884304,0
-22.445308,63.884416,0
-22.445773,63.884463,0
-22.446294,63.884458,0
-22.446899,63.884366,0
-22.447251,63.884216,0
-22.447392,63.884127,0
-22.447803,63.884192,0
-22.448147,63.884205,0
-22.448446,63.884136,0
-22.449096,63.883830,0
-22.450261,63.883215,0
-22.450643,63.882892,0
-22.451268,63.882262,0
-22.451449,63.882080,0
-22.451879,63.881638,0
-22.452034,63.881482,0
-22.452176,63.881339,0
-22.452267,63.881248,0
-22.452479,63.881068,0
-22.452906,63.880792,0
-22.453371,63.880548,0
-22.453632,63.880422,0
-22.452823,63.880331,0
-22.452638,63.880283,0
-22.452450,63.880230,0
-22.452183,63.880143,0
-22.451913,63.879943,0
-22.451797,63.879863,0
-22.451712,63.879809,0
-22.451528,63.879807,0
-22.451422,63.879815,0
-22.451305,63.879863,0
</coordinates></LineString></Placemark>
<Placemark><name>Bridge Between Continents</name>
<description><![CDATA[Bridge Between Continents, Lighthouse & Valahnúkamöl Cliffs, Gunnuhver Hot Springs, Brimketill Pool]]></description>
<styleUrl>#pin_007aff</styleUrl>
<Point><coordinates>-22.675541,63.868296,0</coordinates></Point>
</Placemark>
<Placemark><name>Lighthouse &amp; Valahnúkamöl Cliffs</name>
<description><![CDATA[Bridge Between Continents, Lighthouse & Valahnúkamöl Cliffs, Gunnuhver Hot Springs, Brimketill Pool]]></description>
<styleUrl>#pin_007aff</styleUrl>
<Point><coordinates>-22.704367,63.815613,0</coordinates></Point>
</Placemark>
<Placemark><name>Gunnuhver Hot Springs</name>
<description><![CDATA[Bridge Between Continents, Lighthouse & Valahnúkamöl Cliffs, Gunnuhver Hot Springs, Brimketill Pool]]></description>
<styleUrl>#pin_007aff</styleUrl>
<Point><coordinates>-22.684180,63.819445,0</coordinates></Point>
</Placemark>
<Placemark><name>Brimketill Pool</name>
<description><![CDATA[Bridge Between Continents, Lighthouse & Valahnúkamöl Cliffs, Gunnuhver Hot Springs, Brimketill Pool]]></description>
<styleUrl>#pin_007aff</styleUrl>
<Point><coordinates>-22.606012,63.819148,0</coordinates></Point>
</Placemark>
<Placemark><name>Moss Restaurant</name>
<description><![CDATA[7:30 PM GMT - Moss Restaurant]]></description>
<styleUrl>#pin_007aff</styleUrl>
<Point><coordinates>-22.449956,63.879437,0</coordinates></Point>
</Placemark>
</Folder>
<Folder><name>Mon, Sep 7</name>
<Placemark><name>Mon, Sep 7 - driving route</name><styleUrl>#route_af52de</styleUrl>
<LineString><tessellate>1</tessellate><altitudeMode>clampToGround</altitudeMode><coordinates>
-22.451305,63.879863,0
-22.451422,63.879815,0
-22.451528,63.879807,0
-22.451712,63.879809,0
-22.451797,63.879863,0
-22.451913,63.879943,0
-22.452183,63.880143,0
-22.452450,63.880230,0
-22.452638,63.880283,0
-22.452823,63.880331,0
-22.453632,63.880422,0
-22.453371,63.880548,0
-22.452906,63.880792,0
-22.452479,63.881068,0
-22.452267,63.881248,0
-22.452176,63.881339,0
-22.452034,63.881482,0
-22.451879,63.881638,0
-22.451449,63.882080,0
-22.451268,63.882262,0
-22.450643,63.882892,0
-22.450261,63.883215,0
-22.449096,63.883830,0
-22.448446,63.884136,0
-22.448147,63.884205,0
-22.447803,63.884192,0
-22.447392,63.884127,0
-22.447251,63.884216,0
-22.446899,63.884366,0
-22.446294,63.884458,0
-22.445773,63.884463,0
-22.445308,63.884416,0
-22.444833,63.884304,0
-22.444555,63.884177,0
-22.444272,63.883982,0
-22.443961,63.883730,0
-22.443558,63.883481,0
-22.443094,63.883263,0
-22.442566,63.883078,0
-22.442120,63.882927,0
-22.441460,63.882739,0
-22.440527,63.882590,0
-22.439728,63.882518,0
-22.439324,63.882500,0
-22.438826,63.882494,0
-22.438139,63.882516,0
-22.437464,63.882570,0
-22.436993,63.882629,0
-22.436519,63.882717,0
-22.435927,63.882845,0
-22.435394,63.882997,0
-22.434876,63.883166,0
-22.434773,63.883180,0
-22.434678,63.883189,0
-22.434574,63.883191,0
-22.434451,63.883187,0
-22.434273,63.883178,0
-22.434058,63.883149,0
-22.433824,63.883102,0
-22.433517,63.883043,0
-22.433137,63.882969,0
-22.432759,63.882913,0
-22.432487,63.882902,0
-22.432308,63.882906,0
-22.431950,63.882929,0
-22.429453,63.883171,0
-22.429182,63.883191,0
-22.428932,63.883192,0
-22.428613,63.883175,0
-22.428471,63.883159,0
-22.428326,63.883139,0
-22.428200,63.883120,0
-22.428053,63.883092,0
-22.427918,63.883073,0
-22.427709,63.883020,0
-22.427493,63.882956,0
-22.427207,63.882847,0
-22.426867,63.882724,0
-22.426544,63.882628,0
-22.426250,63.882569,0
-22.425969,63.882520,0
-22.425605,63.882474,0
-22.425281,63.882459,0
-22.424996,63.882457,0
-22.424718,63.882468,0
-22.424367,63.882496,0
-22.424023,63.882518,0
-22.423680,63.882523,0
-22.423342,63.882503,0
-22.422977,63.882460,0
-22.422564,63.882399,0
-22.422194,63.882351,0
-22.422006,63.882346,0
-22.421912,63.882344,0
-22.421771,63.882341,0
-22.421557,63.882347,0
-22.421461,63.882871,0
-22.421448,63.882939,0
-22.421277,63.883712,0
-22.421257,63.883955,0
-22.421283,63.884169,0
-22.421344,63.884308,0
-22.421511,63.884641,0
-22.421653,63.884901,0
-22.421870,63.885209,0
-22.422144,63.885497,0
-22.422558,63.885879,0
-22.423112,63.886274,0
-22.423237,63.886363,0
-22.423471,63.886489,0
-22.423798,63.886655,0
-22.423960,63.886739,0
-22.424086,63.886811,0
-22.424226,63.886887,0
-22.424586,63.887131,0
-22.424977,63.887433,0
-22.425336,63.887819,0
-22.425451,63.887947,0
-22.425609,63.888158,0
-22.425679,63.888287,0
-22.425785,63.888580,0
-22.425836,63.888804,0
-22.425867,63.889137,0
-22.425813,63.889508,0
-22.425679,63.889905,0
-22.425124,63.890631,0
-22.424764,63.890951,0
-22.424190,63.891354,0
-22.423788,63.891581,0
-22.423388,63.891797,0
-22.422939,63.892056,0
-22.422583,63.892277,0
-22.422103,63.892678,0
-22.421699,63.893181,0
-22.421566,63.893479,0
-22.421488,63.893692,0
-22.421409,63.893948,0
-22.421401,63.894245,0
-22.421442,63.894576,0
-22.421515,63.894969,0
-22.421466,63.895198,0
-22.421159,63.896632,0
-22.421096,63.897306,0
-22.421071,63.897958,0
-22.421051,63.898702,0
-22.421032,63.899268,0
-22.420998,63.900254,0
-22.420951,63.901256,0
-22.420895,63.902058,0
-22.420826,63.902678,0
-22.420670,63.904071,0
-22.420585,63.904697,0
-22.420490,63.905248,0
-22.420322,63.906184,0
-22.420227,63.906781,0
-22.420219,63.906840,0
-22.420131,63.907412,0
-22.420075,63.907706,0
-22.419995,63.908015,0
-22.419890,63.908567,0
-22.419830,63.909133,0
-22.419745,63.909764,0
-22.419725,63.910149,0
-22.419735,63.910488,0
-22.419770,63.910808,0
-22.419835,63.911125,0
-22.419946,63.911541,0
-22.420081,63.911943,0
-22.420566,63.913262,0
-22.420681,63.913640,0
-22.420791,63.914030,0
-22.420902,63.914560,0
-22.420992,63.915029,0
-22.421067,63.915738,0
-22.421102,63.916358,0
-22.421162,63.917456,0
-22.421227,63.918559,0
-22.421267,63.919252,0
-22.421262,63.919820,0
-22.421302,63.920156,0
-22.421373,63.920508,0
-22.421448,63.920776,0
-22.421559,63.921117,0
-22.421676,63.921390,0
-22.421830,63.921698,0
-22.422026,63.922015,0
-22.422178,63.922308,0
-22.422472,63.922888,0
-22.422839,63.923609,0
-22.423509,63.924924,0
-22.425362,63.928591,0
-22.425723,63.929220,0
-22.425854,63.929506,0
-22.426001,63.929923,0
-22.426132,63.930402,0
-22.426271,63.931205,0
-22.426541,63.932846,0
-22.426929,63.934885,0
-22.427316,63.937200,0
-22.427623,63.938994,0
-22.427798,63.940022,0
-22.427981,63.941219,0
-22.428101,63.942188,0
-22.428252,63.943612,0
-22.428384,63.944456,0
-22.428442,63.945153,0
-22.428528,63.946134,0
-22.428558,63.946477,0
-22.428560,63.946753,0
-22.428547,63.946868,0
-22.428536,63.946939,0
-22.428514,63.947072,0
-22.428463,63.947290,0
-22.428386,63.947550,0
-22.428278,63.947823,0
-22.428147,63.948075,0
-22.427988,63.948289,0
-22.427594,63.948761,0
-22.427034,63.949301,0
-22.426525,63.949832,0
-22.426122,63.950270,0
-22.425749,63.950666,0
-22.425363,63.951036,0
-22.425122,63.951248,0
-22.424880,63.951483,0
-22.424432,63.951885,0
-22.424084,63.952213,0
-22.423931,63.952409,0
-22.423807,63.952517,0
-22.423621,63.952665,0
-22.423458,63.952797,0
-22.423326,63.952921,0
-22.423122,63.953109,0
-22.422949,63.953290,0
-22.422789,63.953435,0
-22.422584,63.953653,0
-22.422389,63.953856,0
-22.422175,63.954062,0
-22.421925,63.954310,0
-22.421653,63.954579,0
-22.421416,63.954796,0
-22.421204,63.955007,0
-22.421029,63.955204,0
-22.420798,63.955422,0
-22.420633,63.955601,0
-22.420562,63.955686,0
-22.420398,63.955845,0
-22.420286,63.955974,0
-22.420158,63.956100,0
-22.420066,63.956221,0
-22.419844,63.956511,0
-22.419712,63.956710,0
-22.419603,63.956904,0
-22.419519,63.957103,0
-22.419476,63.957257,0
-22.419425,63.957475,0
-22.419396,63.957777,0
-22.419440,63.958065,0
-22.419483,63.958343,0
-22.419551,63.958605,0
-22.419630,63.958829,0
-22.419651,63.958871,0
-22.419756,63.959086,0
-22.420165,63.959820,0
-22.420244,63.960019,0
-22.420321,63.960315,0
-22.420336,63.960621,0
-22.420296,63.960836,0
-22.420202,63.961217,0
-22.420169,63.961290,0
-22.420159,63.961325,0
-22.420143,63.961438,0
-22.420120,63.961502,0
-22.420095,63.961556,0
-22.420007,63.961575,0
-22.419938,63.961604,0
-22.419894,63.961642,0
-22.419880,63.961685,0
-22.419896,63.961724,0
-22.419939,63.961760,0
-22.420005,63.961787,0
-22.420242,63.961987,0
-22.420309,63.962075,0
-22.420401,63.962283,0
-22.420539,63.962669,0
-22.420584,63.962843,0
-22.420550,63.962989,0
-22.420470,63.963103,0
-22.420396,63.963116,0
-22.420333,63.963138,0
-22.420285,63.963165,0
-22.420256,63.963198,0
-22.420249,63.963234,0
-22.420265,63.963270,0
-22.420303,63.963303,0
-22.420361,63.963329,0
-22.420433,63.963347,0
-22.420511,63.963356,0
-22.420591,63.963354,0
-22.420668,63.963343,0
-22.420734,63.963324,0
-22.420787,63.963297,0
-22.420820,63.963265,0
-22.420833,63.963230,0
-22.421129,63.963074,0
-22.421381,63.962932,0
-22.421730,63.962794,0
-22.422007,63.962689,0
-22.422318,63.962594,0
-22.422774,63.962476,0
-22.423461,63.962364,0
-22.425211,63.962179,0
-22.428873,63.961925,0
-22.429932,63.961856,0
-22.431048,63.961796,0
-22.432418,63.961738,0
-22.433677,63.961709,0
-22.436573,63.961679,0
-22.439493,63.961651,0
-22.443656,63.961605,0
-22.444849,63.961598,0
-22.445143,63.961596,0
-22.446724,63.961612,0
-22.447890,63.961640,0
-22.449058,63.961700,0
-22.450313,63.961777,0
-22.451478,63.961867,0
-22.452507,63.961973,0
-22.453461,63.962087,0
-22.454672,63.962255,0
-22.455838,63.962421,0
-22.457397,63.962638,0
-22.459103,63.962874,0
-22.460633,63.963089,0
-22.462263,63.963316,0
-22.464422,63.963616,0
-22.465612,63.963778,0
-22.468449,63.964187,0
-22.469206,63.964297,0
-22.470659,63.964494,0
-22.471933,63.964676,0
-22.472581,63.964763,0
-22.474434,63.965028,0
-22.475595,63.965171,0
-22.475935,63.965225,0
-22.481003,63.965946,0
-22.482801,63.966174,0
-22.484006,63.966325,0
-22.484842,63.966418,0
-22.486468,63.966589,0
-22.488612,63.966801,0
-22.508526,63.968731,0
-22.512329,63.969105,0
-22.513673,63.969230,0
-22.515916,63.969441,0
-22.519062,63.969749,0
-22.521152,63.969949,0
-22.528642,63.970693,0
-22.536847,63.971506,0
-22.537633,63.971580,0
-22.538434,63.971636,0
-22.539655,63.971716,0
-22.540230,63.971771,0
-22.540546,63.971852,0
-22.540761,63.971953,0
-22.540817,63.972001,0
-22.540898,63.972041,0
-22.541016,63.972073,0
-22.541149,63.972089,0
-22.541288,63.972087,0
-22.541381,63.972076,0
-22.541821,63.972070,0
-22.542333,63.972112,0
-22.543507,63.972244,0
-22.544913,63.972396,0
-22.546110,63.972552,0
-22.547003,63.972691,0
-22.547882,63.972862,0
-22.548747,63.973061,0
-22.549755,63.973327,0
-22.550758,63.973625,0
-22.551524,63.973901,0
-22.552294,63.974172,0
-22.552847,63.974438,0
-22.553421,63.974734,0
-22.554262,63.975243,0
-22.556077,63.976500,0
-22.559308,63.978745,0
-22.559590,63.979036,0
-22.560133,63.979477,0
-22.560417,63.979667,0
-22.560680,63.979796,0
-22.560945,63.979938,0
-22.561107,63.980027,0
-22.561153,63.980057,0
-22.561188,63.980094,0
-22.561233,63.980184,0
-22.561213,63.980226,0
-22.561218,63.980271,0
-22.561251,63.980314,0
-22.561309,63.980352,0
-22.561388,63.980382,0
-22.561467,63.980399,0
-22.561676,63.980463,0
-22.561807,63.980507,0
-22.562109,63.980630,0
-22.562576,63.980846,0
-22.563885,63.981345,0
-22.565050,63.981687,0
-22.565470,63.981854,0
-22.566035,63.982099,0
-22.566602,63.982374,0
-22.567420,63.982809,0
-22.569216,63.983836,0
-22.570125,63.984374,0
-22.571500,63.985266,0
-22.572601,63.986021,0
-22.573559,63.986740,0
-22.576958,63.989314,0
-22.577040,63.989404,0
-22.577174,63.989527,0
-22.577366,63.989677,0
-22.577581,63.989837,0
-22.577795,63.989970,0
-22.577966,63.990066,0
-22.578056,63.990120,0
-22.578093,63.990154,0
-22.578106,63.990182,0
-22.578115,63.990218,0
-22.578102,63.990286,0
-22.578056,63.990334,0
-22.578036,63.990386,0
-22.578043,63.990434,0
-22.578075,63.990481,0
-22.578129,63.990523,0
-22.578203,63.990559,0
-22.578299,63.990589,0
-22.578409,63.990608,0
-22.578599,63.990691,0
-22.578704,63.990742,0
-22.578786,63.990789,0
-22.578985,63.990919,0
-22.579314,63.991154,0
-22.579659,63.991400,0
-22.579780,63.991474,0
-22.579893,63.991528,0
-22.580619,63.992060,0
-22.581666,63.992779,0
-22.582095,63.993070,0
-22.582897,63.993586,0
-22.583755,63.994133,0
-22.584746,63.994739,0
-22.586998,63.996046,0
-22.587770,63.996434,0
-22.588325,63.996763,0
-22.588561,63.996919,0
-22.588670,63.997054,0
-22.588628,63.997128,0
-22.588646,63.997205,0
-22.588723,63.997274,0
-22.588848,63.997328,0
-22.589001,63.997358,0
-22.589328,63.997437,0
-22.589589,63.997527,0
-22.590519,63.997901,0
-22.591820,63.998540,0
-22.593343,63.999248,0
-22.595075,64.000017,0
-22.596730,64.000641,0
-22.598162,64.001121,0
-22.599024,64.001412,0
-22.600111,64.001837,0
-22.600519,64.002016,0
-22.600926,64.002171,0
-22.601260,64.002298,0
-22.601424,64.002387,0
-22.601597,64.002454,0
-22.601911,64.002567,0
-22.602038,64.002614,0
-22.602110,64.002655,0
-22.602137,64.002697,0
-22.602149,64.002739,0
-22.602123,64.002766,0
-22.602107,64.002815,0
-22.602126,64.002863,0
-22.602177,64.002907,0
-22.602256,64.002942,0
-22.602304,64.002954,0
-22.602404,64.002969,0
-22.602509,64.002971,0
-22.602611,64.002959,0
-22.602701,64.002935,0
-22.602750,64.002914,0
-22.603164,64.002854,0
-22.603436,64.002813,0
-22.603801,64.002748,0
-22.604014,64.002731,0
-22.604551,64.002695,0
-22.604915,64.002683,0
-22.605320,64.002683,0
-22.605941,64.002697,0
-22.607460,64.002759,0
-22.608064,64.002765,0
-22.608628,64.002760,0
-22.609128,64.002749,0
-22.609743,64.002721,0
-22.610270,64.002690,0
-22.610839,64.002644,0
-22.611888,64.002529,0
-22.615620,64.002107,0
-22.618779,64.001720,0
-22.622064,64.001341,0
-22.624325,64.001062,0
-22.625024,64.000967,0
-22.625464,64.000889,0
-22.625908,64.000803,0
-22.626251,64.000722,0
-22.626604,64.000622,0
-22.626917,64.000511,0
-22.627218,64.000373,0
-22.627529,64.000174,0
-22.627746,63.999996,0
-22.627862,63.999872,0
-22.627937,63.999764,0
-22.627990,63.999672,0
-22.628025,63.999574,0
-22.628050,63.999496,0
-22.628059,63.999430,0
-22.628066,63.999305,0
-22.629329,63.999320,0
-22.629750,63.999325,0
-22.630292,63.999324,0
-22.631545,63.999322,0
-22.631890,63.999323,0
-22.632992,63.999324,0
-22.633095,63.999320,0
-22.633178,63.999311,0
-22.633251,63.999298,0
-22.633309,63.999277,0
-22.633359,63.999251,0
-22.633377,63.999219,0
-22.633383,63.999178,0
-22.633385,63.999137,0
-22.633378,63.998525,0
-22.633376,63.998415,0
-22.633369,63.997845,0
-22.633364,63.997404,0
-22.633358,63.996911,0
-22.633356,63.996805,0
-22.633356,63.996727,0
-22.633350,63.995973,0
-22.633474,63.995894,0
-22.633606,63.995840,0
-22.633817,63.995785,0
-22.634024,63.995735,0
-22.634284,63.995688,0
-22.634356,63.995689,0
-22.634671,63.995700,0
-22.634895,63.995712,0
-22.635858,63.995828,0
-22.636064,63.995843,0
-22.636279,63.995846,0
-22.636978,63.995843,0
-22.637418,63.995841,0
-22.638473,63.995836,0
-22.639628,63.995842,0
-22.639981,63.995842,0
-22.640068,63.995842,0
-22.641851,63.995840,0
-22.641856,63.995132,0
-22.641843,63.993461,0
-22.641819,63.992488,0
-22.641813,63.992268,0
-22.641812,63.992232,0
-22.635748,63.992208,0
</coordinates></LineString></Placemark>
<Placemark><name>Depart The Retreat at Blue Lagoon Iceland</name>
<description><![CDATA[11:00 AM GMT - Depart The Retreat at Blue Lagoon Iceland]]></description>
<styleUrl>#pin_af52de</styleUrl>
<Point><coordinates>-22.449956,63.879437,0</coordinates></Point>
</Placemark>
<Placemark><name>Drop Off Hertz Car Rental</name>
<description><![CDATA[5:30 PM GMT - Drop Off Hertz Car Rental]]></description>
<styleUrl>#pin_af52de</styleUrl>
<Point><coordinates>-22.626696,63.985012,0</coordinates></Point>
</Placemark>
</Folder>
<Style id="pin_ff3b30"><IconStyle><color>ff303bff</color><scale>1.1</scale><Icon><href>http://maps.google.com/mapfiles/kml/pushpin/ylw-pushpin.png</href></Icon></IconStyle></Style>
<Style id="route_ff3b30"><LineStyle><color>ff303bff</color><width>4</width></LineStyle></Style>
<Style id="pin_ff9500"><IconStyle><color>ff0095ff</color><scale>1.1</scale><Icon><href>http://maps.google.com/mapfiles/kml/pushpin/ylw-pushpin.png</href></Icon></IconStyle></Style>
<Style id="route_ff9500"><LineStyle><color>ff0095ff</color><width>4</width></LineStyle></Style>
<Style id="pin_34c759"><IconStyle><color>ff59c734</color><scale>1.1</scale><Icon><href>http://maps.google.com/mapfiles/kml/pushpin/ylw-pushpin.png</href></Icon></IconStyle></Style>
<Style id="route_34c759"><LineStyle><color>ff59c734</color><width>4</width></LineStyle></Style>
<Style id="pin_007aff"><IconStyle><color>ffff7a00</color><scale>1.1</scale><Icon><href>http://maps.google.com/mapfiles/kml/pushpin/ylw-pushpin.png</href></Icon></IconStyle></Style>
<Style id="route_007aff"><LineStyle><color>ffff7a00</color><width>4</width></LineStyle></Style>
<Style id="pin_af52de"><IconStyle><color>ffde52af</color><scale>1.1</scale><Icon><href>http://maps.google.com/mapfiles/kml/pushpin/ylw-pushpin.png</href></Icon></IconStyle></Style>
<Style id="route_af52de"><LineStyle><color>ffde52af</color><width>4</width></LineStyle></Style>
</Document></kml>